pdf_id,pdf_original_website_link
543,https://bombayhighcourt.nic.in/generatenewauth.php?bhcpar=cGF0aD0uL3dyaXRlcmVhZGRhdGEvZGF0YS9vcmlnaW5hbC8yMDE5LyZmbmFtZT1DT01TNTA3MTcyMjEwMTkucGRmJnNtZmxhZz1OJnJqdWRkYXRlPSZ1cGxvYWRkdD0yMi8xMC8yMDE5JnNwYXNzcGhyYXNlPTAzMDkyNDAyMDQyMiZuY2l0YXRpb249MjAxOTpCSEMtT1M6MTg5NDcmc21jaXRhdGlvbj0mZGlnY2VydGZsZz1OJmludGVyZmFjZT0=
544,https://bombayhighcourt.nic.in/generatenewauth.php?bhcpar=cGF0aD0uL3dyaXRlcmVhZGRhdGEvZGF0YS9vcmlnaW5hbC8yMDE5LyZmbmFtZT1DT01TNTA3MTcxNjEwMTkucGRmJnNtZmxhZz1OJnJqdWRkYXRlPSZ1cGxvYWRkdD0xNi8xMC8yMDE5JnNwYXNzcGhyYXNlPTAzMDkyNDAyMDQyMiZuY2l0YXRpb249JnNtY2l0YXRpb249JmRpZ2NlcnRmbGc9TiZpbnRlcmZhY2U9
545,https://bombayhighcourt.nic.in/generatenewauth.php?bhcpar=cGF0aD0uL3dyaXRlcmVhZGRhdGEvZGF0YS9vcmlnaW5hbC8yMDE3LyZmbmFtZT1DT01TNTA3MTcyODExMTcucGRmJnNtZmxhZz1OJnJqdWRkYXRlPSZ1cGxvYWRkdD0xNi8xMi8yMDE3JnNwYXNzcGhyYXNlPTAzMDkyNDAyMDQyMiZuY2l0YXRpb249JnNtY2l0YXRpb249JmRpZ2NlcnRmbGc9TiZpbnRlcmZhY2U9
733,https://bombayhighcourt.nic.in/generatenewauth.php?bhcpar=cGF0aD0uL3dyaXRlcmVhZGRhdGEvZGF0YS9vcmlnaW5hbC8yMDE4LyZmbmFtZT1DT01TMTQxNzI5MTExOC5wZGYmc21mbGFnPU4mcmp1ZGRhdGU9JnVwbG9hZGR0PTMwLzExLzIwMTgmc3Bhc3NwaHJhc2U9MDMwOTI0MDAyNDU1Jm5jaXRhdGlvbj0yMDE4OkJIQy1PUzoxNzc1OSZzbWNpdGF0aW9uPSZkaWdjZXJ0ZmxnPU4maW50ZXJmYWNlPQ==
734,https://bombayhighcourt.nic.in/generatenewauth.php?bhcpar=cGF0aD0uL3dyaXRlcmVhZGRhdGEvZGF0YS9vcmlnaW5hbC8yMDE4LyZmbmFtZT1DT01TMTQxNzI4MTExOC5wZGYmc21mbGFnPU4mcmp1ZGRhdGU9JnVwbG9hZGR0PTI4LzExLzIwMTgmc3Bhc3NwaHJhc2U9MDMwOTI0MDAyNDU1Jm5jaXRhdGlvbj0mc21jaXRhdGlvbj0mZGlnY2VydGZsZz1OJmludGVyZmFjZT0=
1436,https://bombayhighcourt.nic.in/generatenewauth.php?bhcpar=cGF0aD0uL3dyaXRlcmVhZGRhdGEvZGF0YS9vcmlnaW5hbC8yMDIzLyZmbmFtZT0yNzU5MDAwMDU2MjIwMTdfNi5wZGYmc21mbGFnPU4mcmp1ZGRhdGU9JnVwbG9hZGR0PTE1LzAyLzIwMjMmc3Bhc3NwaHJhc2U9MDMwOTI0MDI0NjMzJm5jaXRhdGlvbj0yMDIzOkJIQy1PUzoxMTY5JnNtY2l0YXRpb249JmRpZ2NlcnRmbGc9TiZpbnRlcmZhY2U9
1437,https://bombayhighcourt.nic.in/generatenewauth.php?bhcpar=cGF0aD0uL3dyaXRlcmVhZGRhdGEvZGF0YS9vcmlnaW5hbC8yMDIzLyZmbmFtZT0yNzU5MDAwMDU2MjIwMTdfNy5wZGYmc21mbGFnPU4mcmp1ZGRhdGU9JnVwbG9hZGR0PTE1LzAyLzIwMjMmc3Bhc3NwaHJhc2U9MDMwOTI0MDI0NjMzJm5jaXRhdGlvbj0yMDIzOkJIQy1PUzoxMTcwJnNtY2l0YXRpb249JmRpZ2NlcnRmbGc9TiZpbnRlcmZhY2U9
1438,https://bombayhighcourt.nic.in/generatenewauth.php?bhcpar=cGF0aD0uL3dyaXRlcmVhZGRhdGEvZGF0YS9vcmlnaW5hbC8yMDE3LyZmbmFtZT1TOTgxNzIwMTIxNy5wZGYmc21mbGFnPU4mcmp1ZGRhdGU9JnVwbG9hZGR0PTIyLzEyLzIwMTcmc3Bhc3NwaHJhc2U9MDMwOTI0MDI0NjMzJm5jaXRhdGlvbj0mc21jaXRhdGlvbj0mZGlnY2VydGZsZz1OJmludGVyZmFjZT0=
1439,https://bombayhighcourt.nic.in/generatenewauth.php?bhcpar=cGF0aD0uL3dyaXRlcmVhZGRhdGEvZGF0YS9vcmlnaW5hbC8yMDE3LyZmbmFtZT1TOTgxNzEwMTExNy5wZGYmc21mbGFnPU4mcmp1ZGRhdGU9JnVwbG9hZGR0PTA4LzAxLzIwMTgmc3Bhc3NwaHJhc2U9MDMwOTI0MDI0NjMzJm5jaXRhdGlvbj0mc21jaXRhdGlvbj0mZGlnY2VydGZsZz1OJmludGVyZmFjZT0=
1440,https://bombayhighcourt.nic.in/generatenewauth.php?bhcpar=cGF0aD0uL3dyaXRlcmVhZGRhdGEvZGF0YS9vcmlnaW5hbC8yMDE3LyZmbmFtZT1TOTgxNzIwMDkxNy5wZGYmc21mbGFnPU4mcmp1ZGRhdGU9JnVwbG9hZGR0PTA2LzExLzIwMTcmc3Bhc3NwaHJhc2U9MDMwOTI0MDI0NjMzJm5jaXRhdGlvbj0mc21jaXRhdGlvbj0mZGlnY2VydGZsZz1OJmludGVyZmFjZT0=
1441,https://bombayhighcourt.nic.in/generatenewauth.php?bhcpar=cGF0aD0uL3dyaXRlcmVhZGRhdGEvZGF0YS9vcmlnaW5hbC8yMDE3LyZmbmFtZT1TOTgxNzA5MDgxNy5wZGYmc21mbGFnPU4mcmp1ZGRhdGU9JnVwbG9hZGR0PTE1LzEyLzIwMTcmc3Bhc3NwaHJhc2U9MDMwOTI0MDI0NjMzJm5jaXRhdGlvbj0mc21jaXRhdGlvbj0mZGlnY2VydGZsZz1OJmludGVyZmFjZT0=
1442,https://bombayhighcourt.nic.in/generatenewauth.php?bhcpar=cGF0aD0uL3dyaXRlcmVhZGRhdGEvZGF0YS9vcmlnaW5hbC8yMDE3LyZmbmFtZT1TOTgxNzIwMDYxNy5wZGYmc21mbGFnPU4mcmp1ZGRhdGU9JnVwbG9hZGR0PTEyLzA3LzIwMTcmc3Bhc3NwaHJhc2U9MDMwOTI0MDI0NjMzJm5jaXRhdGlvbj0mc21jaXRhdGlvbj0mZGlnY2VydGZsZz1OJmludGVyZmFjZT0=
1490,https://bombayhighcourt.nic.in/generatenewauth.php?bhcpar=cGF0aD0uL3dyaXRlcmVhZGRhdGEvZGF0YS9vcmlnaW5hbC8yMDE5LyZmbmFtZT1DT01TMzU4MTcxNTAzMTkucGRmJnNtZmxhZz1OJnJqdWRkYXRlPSZ1cGxvYWRkdD0xOC8wMy8yMDE5JnNwYXNzcGhyYXNlPTAzMDkyNDAxNDcwOSZuY2l0YXRpb249MjAxOTpCSEMtT1M6NjcyMyZzbWNpdGF0aW9uPSZkaWdjZXJ0ZmxnPU4maW50ZXJmYWNlPQ==
1491,https://bombayhighcourt.nic.in/generatenewauth.php?bhcpar=cGF0aD0uL3dyaXRlcmVhZGRhdGEvZGF0YS9vcmlnaW5hbC8yMDE3LyZmbmFtZT1DT01TMzU4MTcyNjA5MTcucGRmJnNtZmxhZz1OJnJqdWRkYXRlPSZ1cGxvYWRkdD0wOS8wMS8yMDE4JnNwYXNzcGhyYXNlPTAzMDkyNDAxNDcwOSZuY2l0YXRpb249JnNtY2l0YXRpb249JmRpZ2NlcnRmbGc9TiZpbnRlcmZhY2U9
1492,https://bombayhighcourt.nic.in/generatenewauth.php?bhcpar=cGF0aD0uL3dyaXRlcmVhZGRhdGEvZGF0YS9vcmlnaW5hbC8yMDE3LyZmbmFtZT1DT01TMzU4MTcyOTA4MTcucGRmJnNtZmxhZz1OJnJqdWRkYXRlPSZ1cGxvYWRkdD0yMi8wOS8yMDE3JnNwYXNzcGhyYXNlPTAzMDkyNDAxNDcwOSZuY2l0YXRpb249JnNtY2l0YXRpb249JmRpZ2NlcnRmbGc9TiZpbnRlcmZhY2U9
2142,https://bombayhighcourt.nic.in/generatenewauth.php?bhcpar=cGF0aD0uL3dyaXRlcmVhZGRhdGEvZGF0YS9vcmlnaW5hbC8yMDE3LyZmbmFtZT1TMTIwMTcwNjAzMTcucGRmJnNtZmxhZz1OJnJqdWRkYXRlPSZ1cGxvYWRkdD0wOC8wMy8yMDE3JnNwYXNzcGhyYXNlPTAzMDkyNDAyNTE1NyZuY2l0YXRpb249MjAxNzpCSEMtT1M6MjcxOCZzbWNpdGF0aW9uPSZkaWdjZXJ0ZmxnPU4maW50ZXJmYWNlPQ==
2476,https://bombayhighcourt.nic.in/generatenewauth.php?bhcpar=cGF0aD0uL3dyaXRlcmVhZGRhdGEvZGF0YS9vcmlnaW5hbC8yMDI0LyZmbmFtZT0yNzU3MDAwMDc4ODIwMTdfMi5wZGYmc21mbGFnPU4mcmp1ZGRhdGU9JnVwbG9hZGR0PTIyLzAxLzIwMjQmc3Bhc3NwaHJhc2U9MDMwOTI0MDIwNTAxJm5jaXRhdGlvbj0mc21jaXRhdGlvbj0mZGlnY2VydGZsZz1ZJmludGVyZmFjZT1P
2477,https://bombayhighcourt.nic.in/generatenewauth.php?bhcpar=cGF0aD0uL3dyaXRlcmVhZGRhdGEvZGF0YS9vcmlnaW5hbC8yMDE4LyZmbmFtZT1DT01TNTEzMTcyNDA5MTgucGRmJnNtZmxhZz1OJnJqdWRkYXRlPSZ1cGxvYWRkdD0yNC8wOS8yMDE4JnNwYXNzcGhyYXNlPTAzMDkyNDAyMDUwMSZuY2l0YXRpb249JnNtY2l0YXRpb249JmRpZ2NlcnRmbGc9TiZpbnRlcmZhY2U9
3044,https://bombayhighcourt.nic.in/generatenewauth.php?bhcpar=cGF0aD0uL3dyaXRlcmVhZGRhdGEvZGF0YS9vcmlnaW5hbC8yMDE3LyZmbmFtZT1TMTkzMTcyNzA2MTcucGRmJnNtZmxhZz1OJnJqdWRkYXRlPSZ1cGxvYWRkdD0wNi8wNy8yMDE3JnNwYXNzcGhyYXNlPTAzMDkyNDAyNTgwNiZuY2l0YXRpb249JnNtY2l0YXRpb249JmRpZ2NlcnRmbGc9TiZpbnRlcmZhY2U9
3122,https://bombayhighcourt.nic.in/generatenewauth.php?bhcpar=cGF0aD0uL3dyaXRlcmVhZGRhdGEvZGF0YS9vcmlnaW5hbC8yMDI0LyZmbmFtZT0yNTA0MDAwMDQ0MjIwMTdfNS5wZGYmc21mbGFnPU4mcmp1ZGRhdGU9JnVwbG9hZGR0PTI2LzA4LzIwMjQmc3Bhc3NwaHJhc2U9MDMwOTI0MDMwMTM0Jm5jaXRhdGlvbj0mc21jaXRhdGlvbj0mZGlnY2VydGZsZz1ZJmludGVyZmFjZT1P
3123,https://bombayhighcourt.nic.in/generatenewauth.php?bhcpar=cGF0aD0uL3dyaXRlcmVhZGRhdGEvZGF0YS9vcmlnaW5hbC8yMDE5LyZmbmFtZT1TMjEyMTcwOTA4MTkucGRmJnNtZmxhZz1OJnJqdWRkYXRlPSZ1cGxvYWRkdD0yMC8wOC8yMDE5JnNwYXNzcGhyYXNlPTAzMDkyNDAzMDEzNCZuY2l0YXRpb249JnNtY2l0YXRpb249JmRpZ2NlcnRmbGc9TiZpbnRlcmZhY2U9
3124,https://bombayhighcourt.nic.in/generatenewauth.php?bhcpar=cGF0aD0uL3dyaXRlcmVhZGRhdGEvZGF0YS9vcmlnaW5hbC8yMDE5LyZmbmFtZT1TMjEyMTcyMTA2MTkucGRmJnNtZmxhZz1OJnJqdWRkYXRlPSZ1cGxvYWRkdD0yNS8wNi8yMDE5JnNwYXNzcGhyYXNlPTAzMDkyNDAzMDEzNCZuY2l0YXRpb249JnNtY2l0YXRpb249JmRpZ2NlcnRmbGc9TiZpbnRlcmZhY2U9
3125,https://bombayhighcourt.nic.in/generatenewauth.php?bhcpar=cGF0aD0uL3dyaXRlcmVhZGRhdGEvZGF0YS9vcmlnaW5hbC8yMDE5LyZmbmFtZT1TMjEyMTcxOTAzMTkucGRmJnNtZmxhZz1OJnJqdWRkYXRlPSZ1cGxvYWRkdD0xMS8wNC8yMDE5JnNwYXNzcGhyYXNlPTAzMDkyNDAzMDEzNCZuY2l0YXRpb249JnNtY2l0YXRpb249JmRpZ2NlcnRmbGc9TiZpbnRlcmZhY2U9
3126,https://bombayhighcourt.nic.in/generatenewauth.php?bhcpar=cGF0aD0uL3dyaXRlcmVhZGRhdGEvZGF0YS9vcmlnaW5hbC8yMDE3LyZmbmFtZT1TMjEyMTcyNzA2MTcucGRmJnNtZmxhZz1OJnJqdWRkYXRlPSZ1cGxvYWRkdD0wNi8wNy8yMDE3JnNwYXNzcGhyYXNlPTAzMDkyNDAzMDEzNCZuY2l0YXRpb249JnNtY2l0YXRpb249JmRpZ2NlcnRmbGc9TiZpbnRlcmZhY2U9
3199,https://bombayhighcourt.nic.in/generatenewauth.php?bhcpar=cGF0aD0uL3dyaXRlcmVhZGRhdGEvZGF0YS9vcmlnaW5hbC8yMDE4LyZmbmFtZT1DT01TNTQ1MTcwNjA2MTgucGRmJnNtZmxhZz1OJnJqdWRkYXRlPSZ1cGxvYWRkdD0wOC8wNi8yMDE4JnNwYXNzcGhyYXNlPTAzMDkyNDAyMDkyNiZuY2l0YXRpb249MjAxODpCSEMtT1M6Nzg1MiZzbWNpdGF0aW9uPSZkaWdjZXJ0ZmxnPU4maW50ZXJmYWNlPQ==
3200,https://bombayhighcourt.nic.in/generatenewauth.php?bhcpar=cGF0aD0uL3dyaXRlcmVhZGRhdGEvZGF0YS9vcmlnaW5hbC8yMDE3LyZmbmFtZT1DT01TNTQ1MTcwODEyMTcucGRmJnNtZmxhZz1OJnJqdWRkYXRlPSZ1cGxvYWRkdD0xNS8xMi8yMDE3JnNwYXNzcGhyYXNlPTAzMDkyNDAyMDkyNiZuY2l0YXRpb249JnNtY2l0YXRpb249JmRpZ2NlcnRmbGc9TiZpbnRlcmZhY2U9
3782,https://bombayhighcourt.nic.in/generatenewauth.php?bhcpar=cGF0aD0uL3dyaXRlcmVhZGRhdGEvZGF0YS9vcmlnaW5hbC8yMDIxLyZmbmFtZT0yNzQyMDAwMDc5ODIwMThfMy5wZGYmc21mbGFnPU4mcmp1ZGRhdGU9JnVwbG9hZGR0PTA0LzEwLzIwMjEmc3Bhc3NwaHJhc2U9MDMwOTI0MDE0ODAzJm5jaXRhdGlvbj0mc21jaXRhdGlvbj0mZGlnY2VydGZsZz1ZJmludGVyZmFjZT0=
3783,https://bombayhighcourt.nic.in/generatenewauth.php?bhcpar=cGF0aD0uL3dyaXRlcmVhZGRhdGEvZGF0YS9vcmlnaW5hbC8yMDE3LyZmbmFtZT1DT01TMzY3MTcyOTA4MTcucGRmJnNtZmxhZz1OJnJqdWRkYXRlPSZ1cGxvYWRkdD0yNS8wOS8yMDE3JnNwYXNzcGhyYXNlPTAzMDkyNDAxNDgwMyZuY2l0YXRpb249JnNtY2l0YXRpb249JmRpZ2NlcnRmbGc9TiZpbnRlcmZhY2U9
3977,https://bombayhighcourt.nic.in/generatenewauth.php?bhcpar=cGF0aD0uL3dyaXRlcmVhZGRhdGEvZGF0YS9vcmlnaW5hbC8yMDE3LyZmbmFtZT1DT01TMzU0MTcxNTEyMTcucGRmJnNtZmxhZz1OJnJqdWRkYXRlPSZ1cGxvYWRkdD0yMC8xMi8yMDE3JnNwYXNzcGhyYXNlPTAzMDkyNDAxNDY0NCZuY2l0YXRpb249JnNtY2l0YXRpb249JmRpZ2NlcnRmbGc9TiZpbnRlcmZhY2U9
3978,https://bombayhighcourt.nic.in/generatenewauth.php?bhcpar=cGF0aD0uL3dyaXRlcmVhZGRhdGEvZGF0YS9vcmlnaW5hbC8yMDE3LyZmbmFtZT1DT01TMzU0MTcxMzExMTcucGRmJnNtZmxhZz1OJnJqdWRkYXRlPSZ1cGxvYWRkdD0wMy8wMS8yMDE4JnNwYXNzcGhyYXNlPTAzMDkyNDAxNDY0NCZuY2l0YXRpb249JnNtY2l0YXRpb249JmRpZ2NlcnRmbGc9TiZpbnRlcmZhY2U9
3979,https://bombayhighcourt.nic.in/generatenewauth.php?bhcpar=cGF0aD0uL3dyaXRlcmVhZGRhdGEvZGF0YS9vcmlnaW5hbC8yMDE3LyZmbmFtZT1DT01TMzU0MTcxODA5MTcucGRmJnNtZmxhZz1OJnJqdWRkYXRlPSZ1cGxvYWRkdD0xMC8wMS8yMDE4JnNwYXNzcGhyYXNlPTAzMDkyNDAxNDY0NCZuY2l0YXRpb249JnNtY2l0YXRpb249JmRpZ2NlcnRmbGc9TiZpbnRlcmZhY2U9
3980,https://bombayhighcourt.nic.in/generatenewauth.php?bhcpar=cGF0aD0uL3dyaXRlcmVhZGRhdGEvZGF0YS9vcmlnaW5hbC8yMDE3LyZmbmFtZT1DT01TMzU0MTcyOTA4MTcucGRmJnNtZmxhZz1OJnJqdWRkYXRlPSZ1cGxvYWRkdD0yNS8wOS8yMDE3JnNwYXNzcGhyYXNlPTAzMDkyNDAxNDY0NCZuY2l0YXRpb249JnNtY2l0YXRpb249JmRpZ2NlcnRmbGc9TiZpbnRlcmZhY2U9
4062,https://bombayhighcourt.nic.in/generatenewauth.php?bhcpar=cGF0aD0uL3dyaXRlcmVhZGRhdGEvZGF0YS9vcmlnaW5hbC8yMDIzLyZmbmFtZT0yNTA0MDAwMDEyNTIwMThfMTUucGRmJnNtZmxhZz1OJnJqdWRkYXRlPSZ1cGxvYWRkdD0yMC8xMS8yMDIzJnNwYXNzcGhyYXNlPTAzMDkyNDAzMjg1NiZuY2l0YXRpb249JnNtY2l0YXRpb249JmRpZ2NlcnRmbGc9TiZpbnRlcmZhY2U9Tw==
4063,https://bombayhighcourt.nic.in/generatenewauth.php?bhcpar=cGF0aD0uL3dyaXRlcmVhZGRhdGEvZGF0YS9vcmlnaW5hbC8yMDIzLyZmbmFtZT0yNTA0MDAwMDEyNTIwMThfMTQucGRmJnNtZmxhZz1OJnJqdWRkYXRlPSZ1cGxvYWRkdD0wNC8xMC8yMDIzJnNwYXNzcGhyYXNlPTAzMDkyNDAzMjg1NiZuY2l0YXRpb249JnNtY2l0YXRpb249JmRpZ2NlcnRmbGc9TiZpbnRlcmZhY2U9Tw==
4064,https://bombayhighcourt.nic.in/generatenewauth.php?bhcpar=cGF0aD0uL3dyaXRlcmVhZGRhdGEvZGF0YS9vcmlnaW5hbC8yMDIzLyZmbmFtZT0yNTA0MDAwMDEyNTIwMThfMTMucGRmJnNtZmxhZz1OJnJqdWRkYXRlPSZ1cGxvYWRkdD0yNi8wNC8yMDIzJnNwYXNzcGhyYXNlPTAzMDkyNDAzMjg1NiZuY2l0YXRpb249JnNtY2l0YXRpb249JmRpZ2NlcnRmbGc9TiZpbnRlcmZhY2U9
4065,https://bombayhighcourt.nic.in/generatenewauth.php?bhcpar=cGF0aD0uL3dyaXRlcmVhZGRhdGEvZGF0YS9vcmlnaW5hbC8yMDIzLyZmbmFtZT0yNTA0MDAwMDEyNTIwMThfMTIucGRmJnNtZmxhZz1OJnJqdWRkYXRlPSZ1cGxvYWRkdD0wOC8wMy8yMDIzJnNwYXNzcGhyYXNlPTAzMDkyNDAzMjg1NiZuY2l0YXRpb249JnNtY2l0YXRpb249JmRpZ2NlcnRmbGc9TiZpbnRlcmZhY2U9
4066,https://bombayhighcourt.nic.in/generatenewauth.php?bhcpar=cGF0aD0uL3dyaXRlcmVhZGRhdGEvZGF0YS9vcmlnaW5hbC8yMDIzLyZmbmFtZT0yNTA0MDAwMDEyNTIwMThfMTEucGRmJnNtZmxhZz1OJnJqdWRkYXRlPSZ1cGxvYWRkdD0xMC8wMi8yMDIzJnNwYXNzcGhyYXNlPTAzMDkyNDAzMjg1NiZuY2l0YXRpb249JnNtY2l0YXRpb249JmRpZ2NlcnRmbGc9WSZpbnRlcmZhY2U9
4067,https://bombayhighcourt.nic.in/generatenewauth.php?bhcpar=cGF0aD0uL3dyaXRlcmVhZGRhdGEvZGF0YS9vcmlnaW5hbC8yMDIzLyZmbmFtZT0yNTA0MDAwMDEyNTIwMThfMTAucGRmJnNtZmxhZz1OJnJqdWRkYXRlPSZ1cGxvYWRkdD0xNi8wMS8yMDIzJnNwYXNzcGhyYXNlPTAzMDkyNDAzMjg1NiZuY2l0YXRpb249JnNtY2l0YXRpb249JmRpZ2NlcnRmbGc9WSZpbnRlcmZhY2U9
4068,https://bombayhighcourt.nic.in/generatenewauth.php?bhcpar=cGF0aD0uL3dyaXRlcmVhZGRhdGEvZGF0YS9vcmlnaW5hbC8yMDIyLyZmbmFtZT0yNTA0MDAwMDEyNTIwMThfOS5wZGYmc21mbGFnPU4mcmp1ZGRhdGU9JnVwbG9hZGR0PTI1LzExLzIwMjImc3Bhc3NwaHJhc2U9MDMwOTI0MDMyODU2Jm5jaXRhdGlvbj0mc21jaXRhdGlvbj0mZGlnY2VydGZsZz1ZJmludGVyZmFjZT0=
4069,https://bombayhighcourt.nic.in/generatenewauth.php?bhcpar=cGF0aD0uL3dyaXRlcmVhZGRhdGEvZGF0YS9vcmlnaW5hbC8yMDIyLyZmbmFtZT0yNTA0MDAwMDEyNTIwMThfOC5wZGYmc21mbGFnPU4mcmp1ZGRhdGU9JnVwbG9hZGR0PTE1LzEwLzIwMjImc3Bhc3NwaHJhc2U9MDMwOTI0MDMyODU2Jm5jaXRhdGlvbj0mc21jaXRhdGlvbj0mZGlnY2VydGZsZz1ZJmludGVyZmFjZT0=
4070,https://bombayhighcourt.nic.in/generatenewauth.php?bhcpar=cGF0aD0uL3dyaXRlcmVhZGRhdGEvZGF0YS9vcmlnaW5hbC8yMDIyLyZmbmFtZT0yNTA0MDAwMDEyNTIwMThfNy5wZGYmc21mbGFnPU4mcmp1ZGRhdGU9JnVwbG9hZGR0PTE2LzA5LzIwMjImc3Bhc3NwaHJhc2U9MDMwOTI0MDMyODU2Jm5jaXRhdGlvbj0mc21jaXRhdGlvbj0mZGlnY2VydGZsZz1ZJmludGVyZmFjZT0=
4071,https://bombayhighcourt.nic.in/generatenewauth.php?bhcpar=cGF0aD0uL3dyaXRlcmVhZGRhdGEvZGF0YS9vcmlnaW5hbC8yMDIyLyZmbmFtZT0yNTA0MDAwMDEyNTIwMThfNi5wZGYmc21mbGFnPU4mcmp1ZGRhdGU9JnVwbG9hZGR0PTE4LzA4LzIwMjImc3Bhc3NwaHJhc2U9MDMwOTI0MDMyODU2Jm5jaXRhdGlvbj0mc21jaXRhdGlvbj0mZGlnY2VydGZsZz1ZJmludGVyZmFjZT0=
4072,https://bombayhighcourt.nic.in/generatenewauth.php?bhcpar=cGF0aD0uL3dyaXRlcmVhZGRhdGEvZGF0YS9vcmlnaW5hbC8yMDE5LyZmbmFtZT1TNDc1MTcyNjA2MTkucGRmJnNtZmxhZz1OJnJqdWRkYXRlPSZ1cGxvYWRkdD0yOC8wNi8yMDE5JnNwYXNzcGhyYXNlPTAzMDkyNDAzMjg1NiZuY2l0YXRpb249JnNtY2l0YXRpb249JmRpZ2NlcnRmbGc9TiZpbnRlcmZhY2U9
4073,https://bombayhighcourt.nic.in/generatenewauth.php?bhcpar=cGF0aD0uL3dyaXRlcmVhZGRhdGEvZGF0YS9vcmlnaW5hbC8yMDE5LyZmbmFtZT1TNDc1MTcyNTAzMTkucGRmJnNtZmxhZz1OJnJqdWRkYXRlPSZ1cGxvYWRkdD0xMS8wNC8yMDE5JnNwYXNzcGhyYXNlPTAzMDkyNDAzMjg1NiZuY2l0YXRpb249JnNtY2l0YXRpb249JmRpZ2NlcnRmbGc9TiZpbnRlcmZhY2U9
4074,https://bombayhighcourt.nic.in/generatenewauth.php?bhcpar=cGF0aD0uL3dyaXRlcmVhZGRhdGEvZGF0YS9vcmlnaW5hbC8yMDE5LyZmbmFtZT1TNDc1MTcyNDAxMTkucGRmJnNtZmxhZz1OJnJqdWRkYXRlPSZ1cGxvYWRkdD0zMC8wMS8yMDE5JnNwYXNzcGhyYXNlPTAzMDkyNDAzMjg1NiZuY2l0YXRpb249JnNtY2l0YXRpb249JmRpZ2NlcnRmbGc9TiZpbnRlcmZhY2U9
4075,https://bombayhighcourt.nic.in/generatenewauth.php?bhcpar=cGF0aD0uL3dyaXRlcmVhZGRhdGEvZGF0YS9vcmlnaW5hbC8yMDE3LyZmbmFtZT1TNDc1MTcwNTEyMTcucGRmJnNtZmxhZz1OJnJqdWRkYXRlPSZ1cGxvYWRkdD0xMi8xMi8yMDE3JnNwYXNzcGhyYXNlPTAzMDkyNDAzMjg1NiZuY2l0YXRpb249JnNtY2l0YXRpb249JmRpZ2NlcnRmbGc9TiZpbnRlcmZhY2U9
4076,https://bombayhighcourt.nic.in/generatenewauth.php?bhcpar=cGF0aD0uL3dyaXRlcmVhZGRhdGEvZGF0YS9vcmlnaW5hbC8yMDE3LyZmbmFtZT1TNDc1MTcxNDExMTcucGRmJnNtZmxhZz1OJnJqdWRkYXRlPSZ1cGxvYWRkdD0xNy8xMS8yMDE3JnNwYXNzcGhyYXNlPTAzMDkyNDAzMjg1NiZuY2l0YXRpb249JnNtY2l0YXRpb249JmRpZ2NlcnRmbGc9TiZpbnRlcmZhY2U9
4175,https://bombayhighcourt.nic.in/generatenewauth.php?bhcpar=cGF0aD0uL3dyaXRlcmVhZGRhdGEvZGF0YS9vcmlnaW5hbC8yMDE3LyZmbmFtZT1TMzU0MTcyNTA3MTcucGRmJnNtZmxhZz1OJnJqdWRkYXRlPSZ1cGxvYWRkdD0wNS8wOC8yMDE3JnNwYXNzcGhyYXNlPTAzMDkyNDAzMTUzOSZuY2l0YXRpb249JnNtY2l0YXRpb249JmRpZ2NlcnRmbGc9TiZpbnRlcmZhY2U9
4666,https://bombayhighcourt.nic.in/generatenewauth.php?bhcpar=cGF0aD0uL3dyaXRlcmVhZGRhdGEvZGF0YS9vcmlnaW5hbC8yMDIyLyZmbmFtZT0yNTA0MDAwMDM0MTIwMThfNC5wZGYmc21mbGFnPU4mcmp1ZGRhdGU9JnVwbG9hZGR0PTIxLzEwLzIwMjImc3Bhc3NwaHJhc2U9MDMwOTI0MDM0MzMxJm5jaXRhdGlvbj0yMDIyOkJIQy1PUzo4MTAxJnNtY2l0YXRpb249JmRpZ2NlcnRmbGc9WSZpbnRlcmZhY2U9
4667,https://bombayhighcourt.nic.in/generatenewauth.php?bhcpar=cGF0aD0uL3dyaXRlcmVhZGRhdGEvZGF0YS9vcmlnaW5hbC8yMDIyLyZmbmFtZT0yNTA0MDAwMDM0MTIwMThfMy5wZGYmc21mbGFnPU4mcmp1ZGRhdGU9JnVwbG9hZGR0PTIzLzA5LzIwMjImc3Bhc3NwaHJhc2U9MDMwOTI0MDM0MzMxJm5jaXRhdGlvbj0mc21jaXRhdGlvbj0mZGlnY2VydGZsZz1ZJmludGVyZmFjZT0=
4668,https://bombayhighcourt.nic.in/generatenewauth.php?bhcpar=cGF0aD0uL3dyaXRlcmVhZGRhdGEvZGF0YS9vcmlnaW5hbC8yMDIyLyZmbmFtZT0yNTA0MDAwMDM0MTIwMThfMi5wZGYmc21mbGFnPU4mcmp1ZGRhdGU9JnVwbG9hZGR0PTI2LzA4LzIwMjImc3Bhc3NwaHJhc2U9MDMwOTI0MDM0MzMxJm5jaXRhdGlvbj0mc21jaXRhdGlvbj0mZGlnY2VydGZsZz1ZJmludGVyZmFjZT0=
4669,https://bombayhighcourt.nic.in/generatenewauth.php?bhcpar=cGF0aD0uL3dyaXRlcmVhZGRhdGEvZGF0YS9vcmlnaW5hbC8yMDE4LyZmbmFtZT1TNjQ1MTczMDAxMTgucGRmJnNtZmxhZz1OJnJqdWRkYXRlPSZ1cGxvYWRkdD0wNy8wMy8yMDE4JnNwYXNzcGhyYXNlPTAzMDkyNDAzNDMzMSZuY2l0YXRpb249JnNtY2l0YXRpb249JmRpZ2NlcnRmbGc9TiZpbnRlcmZhY2U9
4688,https://bombayhighcourt.nic.in/generatenewauth.php?bhcpar=cGF0aD0uL3dyaXRlcmVhZGRhdGEvZGF0YS9vcmlnaW5hbC8yMDE4LyZmbmFtZT1DT01TNzA5MTcxMDEyMTgucGRmJnNtZmxhZz1OJnJqdWRkYXRlPSZ1cGxvYWRkdD0xMS8xMi8yMDE4JnNwYXNzcGhyYXNlPTAzMDkyNDAyMjczMCZuY2l0YXRpb249JnNtY2l0YXRpb249JmRpZ2NlcnRmbGc9TiZpbnRlcmZhY2U9
4753,https://bombayhighcourt.nic.in/generatenewauth.php?bhcpar=cGF0aD0uL3dyaXRlcmVhZGRhdGEvZGF0YS9vcmlnaW5hbC8yMDE5LyZmbmFtZT1TNjMxNzAyMDgxOS5wZGYmc21mbGFnPU4mcmp1ZGRhdGU9JnVwbG9hZGR0PTEzLzA4LzIwMTkmc3Bhc3NwaHJhc2U9MDMwOTI0MDI0MzA5Jm5jaXRhdGlvbj0mc21jaXRhdGlvbj0mZGlnY2VydGZsZz1OJmludGVyZmFjZT0=
4754,https://bombayhighcourt.nic.in/generatenewauth.php?bhcpar=cGF0aD0uL3dyaXRlcmVhZGRhdGEvZGF0YS9vcmlnaW5hbC8yMDE5LyZmbmFtZT1TNjMxNzAyMDUxOS5wZGYmc21mbGFnPU4mcmp1ZGRhdGU9JnVwbG9hZGR0PTA3LzA1LzIwMTkmc3Bhc3NwaHJhc2U9MDMwOTI0MDI0MzA5Jm5jaXRhdGlvbj0mc21jaXRhdGlvbj0mZGlnY2VydGZsZz1OJmludGVyZmFjZT0=
4755,https://bombayhighcourt.nic.in/generatenewauth.php?bhcpar=cGF0aD0uL3dyaXRlcmVhZGRhdGEvZGF0YS9vcmlnaW5hbC8yMDE5LyZmbmFtZT1TNjMxNzI4MDIxOS5wZGYmc21mbGFnPU4mcmp1ZGRhdGU9JnVwbG9hZGR0PTA1LzAzLzIwMTkmc3Bhc3NwaHJhc2U9MDMwOTI0MDI0MzA5Jm5jaXRhdGlvbj0mc21jaXRhdGlvbj0mZGlnY2VydGZsZz1OJmludGVyZmFjZT0=
4756,https://bombayhighcourt.nic.in/generatenewauth.php?bhcpar=cGF0aD0uL3dyaXRlcmVhZGRhdGEvZGF0YS9vcmlnaW5hbC8yMDE5LyZmbmFtZT1TNjMxNzA4MDExOS5wZGYmc21mbGFnPU4mcmp1ZGRhdGU9JnVwbG9hZGR0PTA4LzAxLzIwMTkmc3Bhc3NwaHJhc2U9MDMwOTI0MDI0MzA5Jm5jaXRhdGlvbj0mc21jaXRhdGlvbj0mZGlnY2VydGZsZz1OJmludGVyZmFjZT0=
4757,https://bombayhighcourt.nic.in/generatenewauth.php?bhcpar=cGF0aD0uL3dyaXRlcmVhZGRhdGEvZGF0YS9vcmlnaW5hbC8yMDE4LyZmbmFtZT1TNjMxNzIxMTIxOC5wZGYmc21mbGFnPU4mcmp1ZGRhdGU9JnVwbG9hZGR0PTI2LzEyLzIwMTgmc3Bhc3NwaHJhc2U9MDMwOTI0MDI0MzA5Jm5jaXRhdGlvbj0mc21jaXRhdGlvbj0mZGlnY2VydGZsZz1OJmludGVyZmFjZT0=
4781,https://bombayhighcourt.nic.in/generatenewauth.php?bhcpar=cGF0aD0uL3dyaXRlcmVhZGRhdGEvZGF0YS9vcmlnaW5hbC8yMDE3LyZmbmFtZT1DT01TNDMzMTcwNzA4MTcucGRmJnNtZmxhZz1OJnJqdWRkYXRlPSZ1cGxvYWRkdD0wNy8wOC8yMDE3JnNwYXNzcGhyYXNlPTAzMDkyNDAxNTUwMSZuY2l0YXRpb249MjAxNzpCSEMtT1M6MTAwNzUmc21jaXRhdGlvbj0mZGlnY2VydGZsZz1OJmludGVyZmFjZT0=
4782,https://bombayhighcourt.nic.in/generatenewauth.php?bhcpar=cGF0aD0uL3dyaXRlcmVhZGRhdGEvZGF0YS9vcmlnaW5hbC8yMDE3LyZmbmFtZT1DT01TNDMzMTcwMjA4MTcucGRmJnNtZmxhZz1OJnJqdWRkYXRlPSZ1cGxvYWRkdD0wMi8wOC8yMDE3JnNwYXNzcGhyYXNlPTAzMDkyNDAxNTUwMSZuY2l0YXRpb249JnNtY2l0YXRpb249JmRpZ2NlcnRmbGc9TiZpbnRlcmZhY2U9
5280,https://bombayhighcourt.nic.in/generatenewauth.php?bhcpar=cGF0aD0uL3dyaXRlcmVhZGRhdGEvZGF0YS9vcmlnaW5hbC8yMDIwLyZmbmFtZT0yNTA0MDAwMDAyNDIwMThfMjMucGRmJnNtZmxhZz1TJnJqdWRkYXRlPTA0LzExLzIwMjAmdXBsb2FkZHQ9MDMvMTIvMjAyMCZzcGFzc3BocmFzZT0wMzA5MjQwMzM5MTUmbmNpdGF0aW9uPTIwMjA6QkhDLU9TOjY0NDEmc21jaXRhdGlvbj0mZGlnY2VydGZsZz1ZJmludGVyZmFjZT0=
5281,https://bombayhighcourt.nic.in/generatenewauth.php?bhcpar=cGF0aD0uL3dyaXRlcmVhZGRhdGEvZGF0YS9vcmlnaW5hbC8yMDIwLyZmbmFtZT0yNTA0MDAwMDAyNDIwMThfMjUucGRmJnNtZmxhZz1TJnJqdWRkYXRlPTAyLzEyLzIwMjAmdXBsb2FkZHQ9MDQvMTIvMjAyMCZzcGFzc3BocmFzZT0wMzA5MjQwMzM5MTUmbmNpdGF0aW9uPTIwMjA6QkhDLU9TOjY0Mzgmc21jaXRhdGlvbj0mZGlnY2VydGZsZz1ZJmludGVyZmFjZT0=
5282,https://bombayhighcourt.nic.in/generatenewauth.php?bhcpar=cGF0aD0uL3dyaXRlcmVhZGRhdGEvZGF0YS9vcmlnaW5hbC8yMDIwLyZmbmFtZT0yNTA0MDAwMDAyNDIwMThfMjIucGRmJnNtZmxhZz1NJnJqdWRkYXRlPTAyLzEyLzIwMjAmdXBsb2FkZHQ9MDUvMTEvMjAyMCZzcGFzc3BocmFzZT0wMzA5MjQwMzM5MTUmbmNpdGF0aW9uPTIwMjA6QkhDLU9TOjY0NDAmc21jaXRhdGlvbj0yMDIwOkJIQy1PUzo2NDQwJmRpZ2NlcnRmbGc9WSZpbnRlcmZhY2U9
5283,https://bombayhighcourt.nic.in/generatenewauth.php?bhcpar=cGF0aD0uL3dyaXRlcmVhZGRhdGEvZGF0YS9vcmlnaW5hbC8yMDIwLyZmbmFtZT0yNTA0MDAwMDAyNDIwMThfMjEucGRmJnNtZmxhZz1OJnJqdWRkYXRlPTAyLzEyLzIwMjAmdXBsb2FkZHQ9MjcvMTAvMjAyMCZzcGFzc3BocmFzZT0wMzA5MjQwMzM5MTUmbmNpdGF0aW9uPSZzbWNpdGF0aW9uPTIwMjA6QkhDLU9TOjY0NDAmZGlnY2VydGZsZz1ZJmludGVyZmFjZT0=
5284,https://bombayhighcourt.nic.in/generatenewauth.php?bhcpar=cGF0aD0uL3dyaXRlcmVhZGRhdGEvZGF0YS9vcmlnaW5hbC8yMDIwLyZmbmFtZT0yNTA0MDAwMDAyNDIwMThfMjAucGRmJnNtZmxhZz1OJnJqdWRkYXRlPTAyLzEyLzIwMjAmdXBsb2FkZHQ9MjAvMTAvMjAyMCZzcGFzc3BocmFzZT0wMzA5MjQwMzM5MTUmbmNpdGF0aW9uPSZzbWNpdGF0aW9uPTIwMjA6QkhDLU9TOjY0NDAmZGlnY2VydGZsZz1OJmludGVyZmFjZT0=
5285,https://bombayhighcourt.nic.in/generatenewauth.php?bhcpar=cGF0aD0uL3dyaXRlcmVhZGRhdGEvZGF0YS9vcmlnaW5hbC8yMDIwLyZmbmFtZT0yNTA0MDAwMDAyNDIwMThfMTkucGRmJnNtZmxhZz1OJnJqdWRkYXRlPTAyLzEyLzIwMjAmdXBsb2FkZHQ9MTUvMTAvMjAyMCZzcGFzc3BocmFzZT0wMzA5MjQwMzM5MTUmbmNpdGF0aW9uPSZzbWNpdGF0aW9uPTIwMjA6QkhDLU9TOjY0NDAmZGlnY2VydGZsZz1ZJmludGVyZmFjZT0=
5286,https://bombayhighcourt.nic.in/generatenewauth.php?bhcpar=cGF0aD0uL3dyaXRlcmVhZGRhdGEvZGF0YS9vcmlnaW5hbC8yMDIwLyZmbmFtZT0yNTA0MDAwMDAyNDIwMThfMTgucGRmJnNtZmxhZz1OJnJqdWRkYXRlPTAyLzEyLzIwMjAmdXBsb2FkZHQ9MTMvMTAvMjAyMCZzcGFzc3BocmFzZT0wMzA5MjQwMzM5MTUmbmNpdGF0aW9uPSZzbWNpdGF0aW9uPTIwMjA6QkhDLU9TOjY0NDAmZGlnY2VydGZsZz1ZJmludGVyZmFjZT0=
5287,https://bombayhighcourt.nic.in/generatenewauth.php?bhcpar=cGF0aD0uL3dyaXRlcmVhZGRhdGEvZGF0YS9vcmlnaW5hbC8yMDIwLyZmbmFtZT0yNTA0MDAwMDAyNDIwMThfMTcucGRmJnNtZmxhZz1OJnJqdWRkYXRlPTAyLzEyLzIwMjAmdXBsb2FkZHQ9MDgvMTAvMjAyMCZzcGFzc3BocmFzZT0wMzA5MjQwMzM5MTUmbmNpdGF0aW9uPSZzbWNpdGF0aW9uPTIwMjA6QkhDLU9TOjY0NDAmZGlnY2VydGZsZz1ZJmludGVyZmFjZT0=
5288,https://bombayhighcourt.nic.in/generatenewauth.php?bhcpar=cGF0aD0uL3dyaXRlcmVhZGRhdGEvZGF0YS9vcmlnaW5hbC8yMDIwLyZmbmFtZT0yNTA0MDAwMDAyNDIwMThfMTYucGRmJnNtZmxhZz1OJnJqdWRkYXRlPTAyLzEyLzIwMjAmdXBsb2FkZHQ9MDEvMTAvMjAyMCZzcGFzc3BocmFzZT0wMzA5MjQwMzM5MTUmbmNpdGF0aW9uPSZzbWNpdGF0aW9uPTIwMjA6QkhDLU9TOjY0NDAmZGlnY2VydGZsZz1ZJmludGVyZmFjZT0=
5289,https://bombayhighcourt.nic.in/generatenewauth.php?bhcpar=cGF0aD0uL3dyaXRlcmVhZGRhdGEvZGF0YS9vcmlnaW5hbC8yMDIwLyZmbmFtZT1TNTk3MTcxMjAzMjAucGRmJnNtZmxhZz1TJnJqdWRkYXRlPTExLzAzLzIwMjAmdXBsb2FkZHQ9MTMvMDMvMjAyMCZzcGFzc3BocmFzZT0wMzA5MjQwMzM5MTUmbmNpdGF0aW9uPSZzbWNpdGF0aW9uPSZkaWdjZXJ0ZmxnPU4maW50ZXJmYWNlPQ==
5290,https://bombayhighcourt.nic.in/generatenewauth.php?bhcpar=cGF0aD0uL3dyaXRlcmVhZGRhdGEvZGF0YS9vcmlnaW5hbC8yMDIwLyZmbmFtZT1TNTk3MTcxMTAzMjAucGRmJnNtZmxhZz1NJnJqdWRkYXRlPTEyLzAzLzIwMjAmdXBsb2FkZHQ9MTIvMDMvMjAyMCZzcGFzc3BocmFzZT0wMzA5MjQwMzM5MTUmbmNpdGF0aW9uPSZzbWNpdGF0aW9uPSZkaWdjZXJ0ZmxnPU4maW50ZXJmYWNlPQ==
5291,https://bombayhighcourt.nic.in/generatenewauth.php?bhcpar=cGF0aD0uL3dyaXRlcmVhZGRhdGEvZGF0YS9vcmlnaW5hbC8yMDE4LyZmbmFtZT1TNTk3MTcwMjExMTgucGRmJnNtZmxhZz1OJnJqdWRkYXRlPTEyLzAzLzIwMjAmdXBsb2FkZHQ9MDUvMTEvMjAxOCZzcGFzc3BocmFzZT0wMzA5MjQwMzM5MTUmbmNpdGF0aW9uPSZzbWNpdGF0aW9uPSZkaWdjZXJ0ZmxnPU4maW50ZXJmYWNlPQ==
5292,https://bombayhighcourt.nic.in/generatenewauth.php?bhcpar=cGF0aD0uL3dyaXRlcmVhZGRhdGEvZGF0YS9vcmlnaW5hbC8yMDE4LyZmbmFtZT1TNTk3MTcxODA2MTgucGRmJnNtZmxhZz1OJnJqdWRkYXRlPTEyLzAzLzIwMjAmdXBsb2FkZHQ9MTgvMDYvMjAxOCZzcGFzc3BocmFzZT0wMzA5MjQwMzM5MTUmbmNpdGF0aW9uPSZzbWNpdGF0aW9uPSZkaWdjZXJ0ZmxnPU4maW50ZXJmYWNlPQ==
5293,https://bombayhighcourt.nic.in/generatenewauth.php?bhcpar=cGF0aD0uL3dyaXRlcmVhZGRhdGEvZGF0YS9vcmlnaW5hbC8yMDE4LyZmbmFtZT1TNTk3MTcxMzA2MTgucGRmJnNtZmxhZz1OJnJqdWRkYXRlPTEyLzAzLzIwMjAmdXBsb2FkZHQ9MTUvMDYvMjAxOCZzcGFzc3BocmFzZT0wMzA5MjQwMzM5MTUmbmNpdGF0aW9uPSZzbWNpdGF0aW9uPSZkaWdjZXJ0ZmxnPU4maW50ZXJmYWNlPQ==
5294,https://bombayhighcourt.nic.in/generatenewauth.php?bhcpar=cGF0aD0uL3dyaXRlcmVhZGRhdGEvZGF0YS9vcmlnaW5hbC8yMDE4LyZmbmFtZT1TNTk3MTcwNTA2MTgucGRmJnNtZmxhZz1OJnJqdWRkYXRlPTEyLzAzLzIwMjAmdXBsb2FkZHQ9MDYvMDYvMjAxOCZzcGFzc3BocmFzZT0wMzA5MjQwMzM5MTUmbmNpdGF0aW9uPSZzbWNpdGF0aW9uPSZkaWdjZXJ0ZmxnPU4maW50ZXJmYWNlPQ==
5295,https://bombayhighcourt.nic.in/generatenewauth.php?bhcpar=cGF0aD0uL3dyaXRlcmVhZGRhdGEvZGF0YS9vcmlnaW5hbC8yMDE4LyZmbmFtZT1TNTk3MTcwNDA2MTgucGRmJnNtZmxhZz1OJnJqdWRkYXRlPTEyLzAzLzIwMjAmdXBsb2FkZHQ9MDQvMDYvMjAxOCZzcGFzc3BocmFzZT0wMzA5MjQwMzM5MTUmbmNpdGF0aW9uPSZzbWNpdGF0aW9uPSZkaWdjZXJ0ZmxnPU4maW50ZXJmYWNlPQ==
5296,https://bombayhighcourt.nic.in/generatenewauth.php?bhcpar=cGF0aD0uL3dyaXRlcmVhZGRhdGEvZGF0YS9vcmlnaW5hbC8yMDE4LyZmbmFtZT1TNTk3MTcxNzA1MTgucGRmJnNtZmxhZz1OJnJqdWRkYXRlPTEyLzAzLzIwMjAmdXBsb2FkZHQ9MTcvMDUvMjAxOCZzcGFzc3BocmFzZT0wMzA5MjQwMzM5MTUmbmNpdGF0aW9uPSZzbWNpdGF0aW9uPSZkaWdjZXJ0ZmxnPU4maW50ZXJmYWNlPQ==
5297,https://bombayhighcourt.nic.in/generatenewauth.php?bhcpar=cGF0aD0uL3dyaXRlcmVhZGRhdGEvZGF0YS9vcmlnaW5hbC8yMDE4LyZmbmFtZT1TNTk3MTcwNDA1MTgucGRmJnNtZmxhZz1OJnJqdWRkYXRlPTEyLzAzLzIwMjAmdXBsb2FkZHQ9MDkvMDUvMjAxOCZzcGFzc3BocmFzZT0wMzA5MjQwMzM5MTUmbmNpdGF0aW9uPSZzbWNpdGF0aW9uPSZkaWdjZXJ0ZmxnPU4maW50ZXJmYWNlPQ==
5298,https://bombayhighcourt.nic.in/generatenewauth.php?bhcpar=cGF0aD0uL3dyaXRlcmVhZGRhdGEvZGF0YS9vcmlnaW5hbC8yMDE4LyZmbmFtZT1TNTk3MTcxODA0MTgucGRmJnNtZmxhZz1OJnJqdWRkYXRlPTEyLzAzLzIwMjAmdXBsb2FkZHQ9MjAvMDQvMjAxOCZzcGFzc3BocmFzZT0wMzA5MjQwMzM5MTUmbmNpdGF0aW9uPSZzbWNpdGF0aW9uPSZkaWdjZXJ0ZmxnPU4maW50ZXJmYWNlPQ==
5299,https://bombayhighcourt.nic.in/generatenewauth.php?bhcpar=cGF0aD0uL3dyaXRlcmVhZGRhdGEvZGF0YS9vcmlnaW5hbC8yMDE4LyZmbmFtZT1TNTk3MTcxMDA0MTgucGRmJnNtZmxhZz1OJnJqdWRkYXRlPTEyLzAzLzIwMjAmdXBsb2FkZHQ9MTIvMDQvMjAxOCZzcGFzc3BocmFzZT0wMzA5MjQwMzM5MTUmbmNpdGF0aW9uPSZzbWNpdGF0aW9uPSZkaWdjZXJ0ZmxnPU4maW50ZXJmYWNlPQ==
5300,https://bombayhighcourt.nic.in/generatenewauth.php?bhcpar=cGF0aD0uL3dyaXRlcmVhZGRhdGEvZGF0YS9vcmlnaW5hbC8yMDE4LyZmbmFtZT1TNTk3MTcwMzA0MTgucGRmJnNtZmxhZz1OJnJqdWRkYXRlPTEyLzAzLzIwMjAmdXBsb2FkZHQ9MDYvMDQvMjAxOCZzcGFzc3BocmFzZT0wMzA5MjQwMzM5MTUmbmNpdGF0aW9uPSZzbWNpdGF0aW9uPSZkaWdjZXJ0ZmxnPU4maW50ZXJmYWNlPQ==
5301,https://bombayhighcourt.nic.in/generatenewauth.php?bhcpar=cGF0aD0uL3dyaXRlcmVhZGRhdGEvZGF0YS9vcmlnaW5hbC8yMDE4LyZmbmFtZT1TNTk3MTcyODAzMTgucGRmJnNtZmxhZz1OJnJqdWRkYXRlPTEyLzAzLzIwMjAmdXBsb2FkZHQ9MjkvMDMvMjAxOCZzcGFzc3BocmFzZT0wMzA5MjQwMzM5MTUmbmNpdGF0aW9uPSZzbWNpdGF0aW9uPSZkaWdjZXJ0ZmxnPU4maW50ZXJmYWNlPQ==
5302,https://bombayhighcourt.nic.in/generatenewauth.php?bhcpar=cGF0aD0uL3dyaXRlcmVhZGRhdGEvZGF0YS9vcmlnaW5hbC8yMDE4LyZmbmFtZT1TNTk3MTcyMDAxMTgucGRmJnNtZmxhZz1OJnJqdWRkYXRlPTEyLzAzLzIwMjAmdXBsb2FkZHQ9MjAvMDEvMjAxOCZzcGFzc3BocmFzZT0wMzA5MjQwMzM5MTUmbmNpdGF0aW9uPSZzbWNpdGF0aW9uPSZkaWdjZXJ0ZmxnPU4maW50ZXJmYWNlPQ==
5303,https://bombayhighcourt.nic.in/generatenewauth.php?bhcpar=cGF0aD0uL3dyaXRlcmVhZGRhdGEvZGF0YS9vcmlnaW5hbC8yMDE4LyZmbmFtZT1TNTk3MTcwNjAxMTgucGRmJnNtZmxhZz1OJnJqdWRkYXRlPTEyLzAzLzIwMjAmdXBsb2FkZHQ9MDYvMDEvMjAxOCZzcGFzc3BocmFzZT0wMzA5MjQwMzM5MTUmbmNpdGF0aW9uPSZzbWNpdGF0aW9uPSZkaWdjZXJ0ZmxnPU4maW50ZXJmYWNlPQ==
5450,https://bombayhighcourt.nic.in/generatenewauth.php?bhcpar=cGF0aD0uL3dyaXRlcmVhZGRhdGEvZGF0YS9vcmlnaW5hbC8yMDE3LyZmbmFtZT1TNTYxNzIyMDgxNy5wZGYmc21mbGFnPU4mcmp1ZGRhdGU9JnVwbG9hZGR0PTI0LzA4LzIwMTcmc3Bhc3NwaHJhc2U9MDMwOTI0MDI0MjI3Jm5jaXRhdGlvbj0mc21jaXRhdGlvbj0mZGlnY2VydGZsZz1OJmludGVyZmFjZT0=
5451,https://bombayhighcourt.nic.in/generatenewauth.php?bhcpar=cGF0aD0uL3dyaXRlcmVhZGRhdGEvZGF0YS9vcmlnaW5hbC8yMDE3LyZmbmFtZT1TNTYxNzIwMDYxNy5wZGYmc21mbGFnPU4mcmp1ZGRhdGU9JnVwbG9hZGR0PTEyLzA3LzIwMTcmc3Bhc3NwaHJhc2U9MDMwOTI0MDI0MjI3Jm5jaXRhdGlvbj0mc21jaXRhdGlvbj0mZGlnY2VydGZsZz1OJmludGVyZmFjZT0=
5454,https://bombayhighcourt.nic.in/generatenewauth.php?bhcpar=cGF0aD0uL3dyaXRlcmVhZGRhdGEvZGF0YS9vcmlnaW5hbC8yMDE5LyZmbmFtZT1TMjI2MTcyNTAxMTkucGRmJnNtZmxhZz1OJnJqdWRkYXRlPSZ1cGxvYWRkdD0yOC8wMS8yMDE5JnNwYXNzcGhyYXNlPTAzMDkyNDAzMDIzOCZuY2l0YXRpb249MjAxOTpCSEMtT1M6MzMwMiZzbWNpdGF0aW9uPSZkaWdjZXJ0ZmxnPU4maW50ZXJmYWNlPQ==
5455,https://bombayhighcourt.nic.in/generatenewauth.php?bhcpar=cGF0aD0uL3dyaXRlcmVhZGRhdGEvZGF0YS9vcmlnaW5hbC8yMDE5LyZmbmFtZT1TMjI2MTcxMTAxMTkucGRmJnNtZmxhZz1OJnJqdWRkYXRlPSZ1cGxvYWRkdD0xMS8wMS8yMDE5JnNwYXNzcGhyYXNlPTAzMDkyNDAzMDIzOCZuY2l0YXRpb249JnNtY2l0YXRpb249JmRpZ2NlcnRmbGc9TiZpbnRlcmZhY2U9
5605,https://bombayhighcourt.nic.in/generatenewauth.php?bhcpar=cGF0aD0uL3dyaXRlcmVhZGRhdGEvZGF0YS9vcmlnaW5hbC8yMDE5LyZmbmFtZT1TOTAxNzA4MDMxOS5wZGYmc21mbGFnPU4mcmp1ZGRhdGU9JnVwbG9hZGR0PTEyLzAzLzIwMTkmc3Bhc3NwaHJhc2U9MDMwOTI0MDI0NTQ0Jm5jaXRhdGlvbj0mc21jaXRhdGlvbj0mZGlnY2VydGZsZz1OJmludGVyZmFjZT0=
5606,https://bombayhighcourt.nic.in/generatenewauth.php?bhcpar=cGF0aD0uL3dyaXRlcmVhZGRhdGEvZGF0YS9vcmlnaW5hbC8yMDE5LyZmbmFtZT1TOTAxNzExMDExOS5wZGYmc21mbGFnPU4mcmp1ZGRhdGU9JnVwbG9hZGR0PTE1LzAxLzIwMTkmc3Bhc3NwaHJhc2U9MDMwOTI0MDI0NTQ0Jm5jaXRhdGlvbj0mc21jaXRhdGlvbj0mZGlnY2VydGZsZz1OJmludGVyZmFjZT0=
5643,https://bombayhighcourt.nic.in/generatenewauth.php?bhcpar=cGF0aD0uL3dyaXRlcmVhZGRhdGEvZGF0YS9vcmlnaW5hbC8yMDE4LyZmbmFtZT1DT01TNjkxMTcwMzA5MTgucGRmJnNtZmxhZz1OJnJqdWRkYXRlPSZ1cGxvYWRkdD0wNS8wOS8yMDE4JnNwYXNzcGhyYXNlPTAzMDkyNDAyMjU0MSZuY2l0YXRpb249JnNtY2l0YXRpb249JmRpZ2NlcnRmbGc9WSZpbnRlcmZhY2U9
5644,https://bombayhighcourt.nic.in/generatenewauth.php?bhcpar=cGF0aD0uL3dyaXRlcmVhZGRhdGEvZGF0YS9vcmlnaW5hbC8yMDE4LyZmbmFtZT1DT01TNjkxMTcyMDA4MTgucGRmJnNtZmxhZz1OJnJqdWRkYXRlPSZ1cGxvYWRkdD0yMC8wOC8yMDE4JnNwYXNzcGhyYXNlPTAzMDkyNDAyMjU0MSZuY2l0YXRpb249JnNtY2l0YXRpb249JmRpZ2NlcnRmbGc9TiZpbnRlcmZhY2U9
5645,https://bombayhighcourt.nic.in/generatenewauth.php?bhcpar=cGF0aD0uL3dyaXRlcmVhZGRhdGEvZGF0YS9vcmlnaW5hbC8yMDE4LyZmbmFtZT1DT01TNjkxMTcxMzA4MTgucGRmJnNtZmxhZz1OJnJqdWRkYXRlPSZ1cGxvYWRkdD0xMy8wOC8yMDE4JnNwYXNzcGhyYXNlPTAzMDkyNDAyMjU0MSZuY2l0YXRpb249JnNtY2l0YXRpb249JmRpZ2NlcnRmbGc9TiZpbnRlcmZhY2U9
5646,https://bombayhighcourt.nic.in/generatenewauth.php?bhcpar=cGF0aD0uL3dyaXRlcmVhZGRhdGEvZGF0YS9vcmlnaW5hbC8yMDE4LyZmbmFtZT1DT01TNjkxMTcwNjA4MTgucGRmJnNtZmxhZz1OJnJqdWRkYXRlPSZ1cGxvYWRkdD0wNi8wOC8yMDE4JnNwYXNzcGhyYXNlPTAzMDkyNDAyMjU0MSZuY2l0YXRpb249JnNtY2l0YXRpb249JmRpZ2NlcnRmbGc9TiZpbnRlcmZhY2U9
5647,https://bombayhighcourt.nic.in/generatenewauth.php?bhcpar=cGF0aD0uL3dyaXRlcmVhZGRhdGEvZGF0YS9vcmlnaW5hbC8yMDE4LyZmbmFtZT1DT01TNjkxMTczMDA3MTgucGRmJnNtZmxhZz1OJnJqdWRkYXRlPSZ1cGxvYWRkdD0zMC8wNy8yMDE4JnNwYXNzcGhyYXNlPTAzMDkyNDAyMjU0MSZuY2l0YXRpb249JnNtY2l0YXRpb249JmRpZ2NlcnRmbGc9TiZpbnRlcmZhY2U9
5648,https://bombayhighcourt.nic.in/generatenewauth.php?bhcpar=cGF0aD0uL3dyaXRlcmVhZGRhdGEvZGF0YS9vcmlnaW5hbC8yMDE4LyZmbmFtZT1DT01TNjkxMTcyMzA3MTgucGRmJnNtZmxhZz1OJnJqdWRkYXRlPSZ1cGxvYWRkdD0yNS8wNy8yMDE4JnNwYXNzcGhyYXNlPTAzMDkyNDAyMjU0MSZuY2l0YXRpb249JnNtY2l0YXRpb249JmRpZ2NlcnRmbGc9WSZpbnRlcmZhY2U9
5649,https://bombayhighcourt.nic.in/generatenewauth.php?bhcpar=cGF0aD0uL3dyaXRlcmVhZGRhdGEvZGF0YS9vcmlnaW5hbC8yMDE4LyZmbmFtZT1DT01TNjkxMTcyNzA0MTgucGRmJnNtZmxhZz1OJnJqdWRkYXRlPSZ1cGxvYWRkdD0yNy8wNC8yMDE4JnNwYXNzcGhyYXNlPTAzMDkyNDAyMjU0MSZuY2l0YXRpb249JnNtY2l0YXRpb249JmRpZ2NlcnRmbGc9TiZpbnRlcmZhY2U9
5650,https://bombayhighcourt.nic.in/generatenewauth.php?bhcpar=cGF0aD0uL3dyaXRlcmVhZGRhdGEvZGF0YS9vcmlnaW5hbC8yMDE4LyZmbmFtZT1DT01TNjkxMTcyMzA0MTgucGRmJnNtZmxhZz1OJnJqdWRkYXRlPSZ1cGxvYWRkdD0yNC8wNC8yMDE4JnNwYXNzcGhyYXNlPTAzMDkyNDAyMjU0MSZuY2l0YXRpb249JnNtY2l0YXRpb249JmRpZ2NlcnRmbGc9TiZpbnRlcmZhY2U9
5770,https://bombayhighcourt.nic.in/generatenewauth.php?bhcpar=cGF0aD0uL3dyaXRlcmVhZGRhdGEvZGF0YS9vcmlnaW5hbC8yMDE5LyZmbmFtZT1DT01TNzUyMTcxOTAzMTkucGRmJnNtZmxhZz1OJnJqdWRkYXRlPSZ1cGxvYWRkdD0xOS8wMy8yMDE5JnNwYXNzcGhyYXNlPTAzMDkyNDAyMzMxOSZuY2l0YXRpb249MjAxODpCSEMtT1M6MTcwOTkmc21jaXRhdGlvbj0mZGlnY2VydGZsZz1OJmludGVyZmFjZT0=
5771,https://bombayhighcourt.nic.in/generatenewauth.php?bhcpar=cGF0aD0uL3dyaXRlcmVhZGRhdGEvZGF0YS9vcmlnaW5hbC8yMDE5LyZmbmFtZT1DT01TNzUyMTcxMjAzMTkucGRmJnNtZmxhZz1OJnJqdWRkYXRlPSZ1cGxvYWRkdD0xMi8wMy8yMDE5JnNwYXNzcGhyYXNlPTAzMDkyNDAyMzMxOSZuY2l0YXRpb249MjAxODpCSEMtT1M6MTcwOTgmc21jaXRhdGlvbj0mZGlnY2VydGZsZz1OJmludGVyZmFjZT0=
5772,https://bombayhighcourt.nic.in/generatenewauth.php?bhcpar=cGF0aD0uL3dyaXRlcmVhZGRhdGEvZGF0YS9vcmlnaW5hbC8yMDE4LyZmbmFtZT1DT01TNzUyMTcyMTExMTgucGRmJnNtZmxhZz1OJnJqdWRkYXRlPSZ1cGxvYWRkdD0yMi8xMS8yMDE4JnNwYXNzcGhyYXNlPTAzMDkyNDAyMzMxOSZuY2l0YXRpb249MjAxODpCSEMtT1M6MTcwOTcmc21jaXRhdGlvbj0mZGlnY2VydGZsZz1OJmludGVyZmFjZT0=
6149,https://bombayhighcourt.nic.in/generatenewauth.php?bhcpar=cGF0aD0uL3dyaXRlcmVhZGRhdGEvZGF0YS9vcmlnaW5hbC8yMDE3LyZmbmFtZT1DT01TNjI3MTcyMjEyMTcucGRmJnNtZmxhZz1OJnJqdWRkYXRlPSZ1cGxvYWRkdD0yOC8xMi8yMDE3JnNwYXNzcGhyYXNlPTAzMDkyNDAyMTkyMCZuY2l0YXRpb249MjAxNzpCSEMtT1M6MTY2Njgmc21jaXRhdGlvbj0mZGlnY2VydGZsZz1OJmludGVyZmFjZT0=
8230,https://bombayhighcourt.nic.in/generatenewauth.php?bhcpar=cGF0aD0uL3dyaXRlcmVhZGRhdGEvZGF0YS9vcmlnaW5hbC8yMDI0LyZmbmFtZT0yNzQyMDAwMDgzODIwMThfMTIucGRmJnNtZmxhZz1OJnJqdWRkYXRlPSZ1cGxvYWRkdD0wNy8wMi8yMDI0JnNwYXNzcGhyYXNlPTEyMDkyNDEyMzAwOSZuY2l0YXRpb249JnNtY2l0YXRpb249JmRpZ2NlcnRmbGc9WSZpbnRlcmZhY2U9Tw==
8231,https://bombayhighcourt.nic.in/generatenewauth.php?bhcpar=cGF0aD0uL3dyaXRlcmVhZGRhdGEvZGF0YS9vcmlnaW5hbC8yMDI0LyZmbmFtZT0yNzQyMDAwMDgzODIwMThfMTEucGRmJnNtZmxhZz1OJnJqdWRkYXRlPSZ1cGxvYWRkdD0zMS8wMS8yMDI0JnNwYXNzcGhyYXNlPTEyMDkyNDEyMzAwOSZuY2l0YXRpb249JnNtY2l0YXRpb249JmRpZ2NlcnRmbGc9TiZpbnRlcmZhY2U9Tw==
8232,https://bombayhighcourt.nic.in/generatenewauth.php?bhcpar=cGF0aD0uL3dyaXRlcmVhZGRhdGEvZGF0YS9vcmlnaW5hbC8yMDIzLyZmbmFtZT0yNzQyMDAwMDgzODIwMThfMTAucGRmJnNtZmxhZz1OJnJqdWRkYXRlPSZ1cGxvYWRkdD0xMC8wNC8yMDIzJnNwYXNzcGhyYXNlPTEyMDkyNDEyMzAwOSZuY2l0YXRpb249JnNtY2l0YXRpb249JmRpZ2NlcnRmbGc9WSZpbnRlcmZhY2U9
8233,https://bombayhighcourt.nic.in/generatenewauth.php?bhcpar=cGF0aD0uL3dyaXRlcmVhZGRhdGEvZGF0YS9vcmlnaW5hbC8yMDIzLyZmbmFtZT0yNzQyMDAwMDgzODIwMThfOS5wZGYmc21mbGFnPU4mcmp1ZGRhdGU9JnVwbG9hZGR0PTAzLzA0LzIwMjMmc3Bhc3NwaHJhc2U9MTIwOTI0MTIzMDA5Jm5jaXRhdGlvbj0mc21jaXRhdGlvbj0mZGlnY2VydGZsZz1OJmludGVyZmFjZT0=
8234,https://bombayhighcourt.nic.in/generatenewauth.php?bhcpar=cGF0aD0uL3dyaXRlcmVhZGRhdGEvZGF0YS9vcmlnaW5hbC8yMDIzLyZmbmFtZT0yNzQyMDAwMDgzODIwMThfOC5wZGYmc21mbGFnPU4mcmp1ZGRhdGU9JnVwbG9hZGR0PTMwLzAzLzIwMjMmc3Bhc3NwaHJhc2U9MTIwOTI0MTIzMDA5Jm5jaXRhdGlvbj0mc21jaXRhdGlvbj0mZGlnY2VydGZsZz1OJmludGVyZmFjZT0=
8235,https://bombayhighcourt.nic.in/generatenewauth.php?bhcpar=cGF0aD0uL3dyaXRlcmVhZGRhdGEvZGF0YS9vcmlnaW5hbC8yMDIzLyZmbmFtZT0yNzQyMDAwMDgzODIwMThfNy5wZGYmc21mbGFnPU4mcmp1ZGRhdGU9JnVwbG9hZGR0PTE4LzAzLzIwMjMmc3Bhc3NwaHJhc2U9MTIwOTI0MTIzMDA5Jm5jaXRhdGlvbj0mc21jaXRhdGlvbj0mZGlnY2VydGZsZz1OJmludGVyZmFjZT0=
8236,https://bombayhighcourt.nic.in/generatenewauth.php?bhcpar=cGF0aD0uL3dyaXRlcmVhZGRhdGEvZGF0YS9vcmlnaW5hbC8yMDIzLyZmbmFtZT0yNzQyMDAwMDgzODIwMThfNi5wZGYmc21mbGFnPU4mcmp1ZGRhdGU9JnVwbG9hZGR0PTE2LzAyLzIwMjMmc3Bhc3NwaHJhc2U9MTIwOTI0MTIzMDA5Jm5jaXRhdGlvbj0mc21jaXRhdGlvbj0mZGlnY2VydGZsZz1OJmludGVyZmFjZT0=
8237,https://bombayhighcourt.nic.in/generatenewauth.php?bhcpar=cGF0aD0uL3dyaXRlcmVhZGRhdGEvZGF0YS9vcmlnaW5hbC8yMDIzLyZmbmFtZT0yNzQyMDAwMDgzODIwMThfNS5wZGYmc21mbGFnPU4mcmp1ZGRhdGU9JnVwbG9hZGR0PTE3LzAxLzIwMjMmc3Bhc3NwaHJhc2U9MTIwOTI0MTIzMDA5Jm5jaXRhdGlvbj0mc21jaXRhdGlvbj0mZGlnY2VydGZsZz1OJmludGVyZmFjZT0=
8238,https://bombayhighcourt.nic.in/generatenewauth.php?bhcpar=cGF0aD0uL3dyaXRlcmVhZGRhdGEvZGF0YS9vcmlnaW5hbC8yMDIzLyZmbmFtZT0yNzQyMDAwMDgzODIwMThfNC5wZGYmc21mbGFnPU4mcmp1ZGRhdGU9JnVwbG9hZGR0PTAzLzAxLzIwMjMmc3Bhc3NwaHJhc2U9MTIwOTI0MTIzMDA5Jm5jaXRhdGlvbj0mc21jaXRhdGlvbj0mZGlnY2VydGZsZz1OJmludGVyZmFjZT0=
8239,https://bombayhighcourt.nic.in/generatenewauth.php?bhcpar=cGF0aD0uL3dyaXRlcmVhZGRhdGEvZGF0YS9vcmlnaW5hbC8yMDIxLyZmbmFtZT0yNzQyMDAwMDgzODIwMThfMy5wZGYmc21mbGFnPU4mcmp1ZGRhdGU9JnVwbG9hZGR0PTA0LzEwLzIwMjEmc3Bhc3NwaHJhc2U9MTIwOTI0MTIzMDA5Jm5jaXRhdGlvbj0mc21jaXRhdGlvbj0mZGlnY2VydGZsZz1ZJmludGVyZmFjZT0=
8240,https://bombayhighcourt.nic.in/generatenewauth.php?bhcpar=cGF0aD0uL3dyaXRlcmVhZGRhdGEvZGF0YS9vcmlnaW5hbC8yMDE4LyZmbmFtZT1DT01TMzEzMTgwNzA4MTgucGRmJnNtZmxhZz1OJnJqdWRkYXRlPSZ1cGxvYWRkdD0wOS8wOC8yMDE4JnNwYXNzcGhyYXNlPTEyMDkyNDEyMzAwOSZuY2l0YXRpb249JnNtY2l0YXRpb249JmRpZ2NlcnRmbGc9TiZpbnRlcmZhY2U9
8666,https://bombayhighcourt.nic.in/generatenewauth.php?bhcpar=cGF0aD0uL3dyaXRlcmVhZGRhdGEvZGF0YS9vcmlnaW5hbC8yMDE5LyZmbmFtZT1TMTYzNTE4MjUwNDE5LnBkZiZzbWZsYWc9TiZyanVkZGF0ZT0mdXBsb2FkZHQ9MjYvMDQvMjAxOSZzcGFzc3BocmFzZT0xNjA5MjQxMDU3MTgmbmNpdGF0aW9uPSZzbWNpdGF0aW9uPSZkaWdjZXJ0ZmxnPU4maW50ZXJmYWNlPQ==
8667,https://bombayhighcourt.nic.in/generatenewauth.php?bhcpar=cGF0aD0uL3dyaXRlcmVhZGRhdGEvZGF0YS9vcmlnaW5hbC8yMDE5LyZmbmFtZT1TMTYzNTE4MjgwMzE5LnBkZiZzbWZsYWc9TiZyanVkZGF0ZT0mdXBsb2FkZHQ9MTUvMDQvMjAxOSZzcGFzc3BocmFzZT0xNjA5MjQxMDU3MTgmbmNpdGF0aW9uPSZzbWNpdGF0aW9uPSZkaWdjZXJ0ZmxnPU4maW50ZXJmYWNlPQ==
8929,https://bombayhighcourt.nic.in/generatenewauth.php?bhcpar=cGF0aD0uL3dyaXRlcmVhZGRhdGEvZGF0YS9vcmlnaW5hbC8yMDIwLyZmbmFtZT1TMTQ5NzE4MTgwMjIwLnBkZiZzbWZsYWc9TiZyanVkZGF0ZT0mdXBsb2FkZHQ9MTgvMDIvMjAyMCZzcGFzc3BocmFzZT0xNjA5MjQxMDUwMTEmbmNpdGF0aW9uPSZzbWNpdGF0aW9uPSZkaWdjZXJ0ZmxnPU4maW50ZXJmYWNlPQ==
8930,https://bombayhighcourt.nic.in/generatenewauth.php?bhcpar=cGF0aD0uL3dyaXRlcmVhZGRhdGEvZGF0YS9vcmlnaW5hbC8yMDE5LyZmbmFtZT1TMTQ5NzE4MjMwODE5LnBkZiZzbWZsYWc9TiZyanVkZGF0ZT0mdXBsb2FkZHQ9MjcvMDgvMjAxOSZzcGFzc3BocmFzZT0xNjA5MjQxMDUwMTEmbmNpdGF0aW9uPSZzbWNpdGF0aW9uPSZkaWdjZXJ0ZmxnPU4maW50ZXJmYWNlPQ==
8988,https://bombayhighcourt.nic.in/generatenewauth.php?bhcpar=cGF0aD0uL3dyaXRlcmVhZGRhdGEvZGF0YS9vcmlnaW5hbC8yMDE4LyZmbmFtZT1DT01TUzQyMTE4MTIxMjE4LnBkZiZzbWZsYWc9TiZyanVkZGF0ZT0mdXBsb2FkZHQ9MTMvMTIvMjAxOCZzcGFzc3BocmFzZT0xNjA5MjQwOTI3NTQmbmNpdGF0aW9uPTIwMTg6QkhDLU9TOjE5MTA5JnNtY2l0YXRpb249JmRpZ2NlcnRmbGc9TiZpbnRlcmZhY2U9
9533,https://bombayhighcourt.nic.in/generatenewauth.php?bhcpar=cGF0aD0uL3dyaXRlcmVhZGRhdGEvZGF0YS9vcmlnaW5hbC8yMDE5LyZmbmFtZT1TOTk3MTgyMTA4MTkucGRmJnNtZmxhZz1OJnJqdWRkYXRlPSZ1cGxvYWRkdD0yNy8wOC8yMDE5JnNwYXNzcGhyYXNlPTE2MDkyNDEwMTcxNiZuY2l0YXRpb249JnNtY2l0YXRpb249JmRpZ2NlcnRmbGc9TiZpbnRlcmZhY2U9
10202,https://bombayhighcourt.nic.in/generatenewauth.php?bhcpar=cGF0aD0uL3dyaXRlcmVhZGRhdGEvZGF0YS9vcmlnaW5hbC8yMDIzLyZmbmFtZT0yNTA0MDAwMDMzNTIwMTlfMi5wZGYmc21mbGFnPU4mcmp1ZGRhdGU9JnVwbG9hZGR0PTI4LzAyLzIwMjMmc3Bhc3NwaHJhc2U9MTYwOTI0MTEwMjE2Jm5jaXRhdGlvbj0mc21jaXRhdGlvbj0mZGlnY2VydGZsZz1ZJmludGVyZmFjZT0=
10203,https://bombayhighcourt.nic.in/generatenewauth.php?bhcpar=cGF0aD0uL3dyaXRlcmVhZGRhdGEvZGF0YS9vcmlnaW5hbC8yMDIwLyZmbmFtZT1TMTcxMDE4MjgwMjIwLnBkZiZzbWZsYWc9TiZyanVkZGF0ZT0mdXBsb2FkZHQ9MDMvMDMvMjAyMCZzcGFzc3BocmFzZT0xNjA5MjQxMTAyMTYmbmNpdGF0aW9uPSZzbWNpdGF0aW9uPSZkaWdjZXJ0ZmxnPU4maW50ZXJmYWNlPQ==
11080,https://bombayhighcourt.nic.in/generatenewauth.php?bhcpar=cGF0aD0uL3dyaXRlcmVhZGRhdGEvZGF0YS9vcmlnaW5hbC8yMDIxLyZmbmFtZT0yNzQyMDAwMDEyNjIwMjBfOC5wZGYmc21mbGFnPU4mcmp1ZGRhdGU9JnVwbG9hZGR0PTA0LzEwLzIwMjEmc3Bhc3NwaHJhc2U9MTYwOTI0MDkxMjA1Jm5jaXRhdGlvbj0mc21jaXRhdGlvbj0mZGlnY2VydGZsZz1ZJmludGVyZmFjZT0=
11081,https://bombayhighcourt.nic.in/generatenewauth.php?bhcpar=cGF0aD0uL3dyaXRlcmVhZGRhdGEvZGF0YS9vcmlnaW5hbC8yMDE5LyZmbmFtZT1DT01TMTMyMTE4MDEwNzE5LnBkZiZzbWZsYWc9TiZyanVkZGF0ZT0mdXBsb2FkZHQ9MDUvMDcvMjAxOSZzcGFzc3BocmFzZT0xNjA5MjQwOTEyMDUmbmNpdGF0aW9uPSZzbWNpdGF0aW9uPSZkaWdjZXJ0ZmxnPU4maW50ZXJmYWNlPQ==
11082,https://bombayhighcourt.nic.in/generatenewauth.php?bhcpar=cGF0aD0uL3dyaXRlcmVhZGRhdGEvZGF0YS9vcmlnaW5hbC8yMDE5LyZmbmFtZT1DT01TMTMyMTE4MjgwNjE5LnBkZiZzbWZsYWc9TiZyanVkZGF0ZT0mdXBsb2FkZHQ9MjgvMDYvMjAxOSZzcGFzc3BocmFzZT0xNjA5MjQwOTEyMDUmbmNpdGF0aW9uPSZzbWNpdGF0aW9uPSZkaWdjZXJ0ZmxnPU4maW50ZXJmYWNlPQ==
11083,https://bombayhighcourt.nic.in/generatenewauth.php?bhcpar=cGF0aD0uL3dyaXRlcmVhZGRhdGEvZGF0YS9vcmlnaW5hbC8yMDE5LyZmbmFtZT1DT01TMTMyMTE4MDIwNTE5LnBkZiZzbWZsYWc9TiZyanVkZGF0ZT0mdXBsb2FkZHQ9MDMvMDUvMjAxOSZzcGFzc3BocmFzZT0xNjA5MjQwOTEyMDUmbmNpdGF0aW9uPSZzbWNpdGF0aW9uPSZkaWdjZXJ0ZmxnPU4maW50ZXJmYWNlPQ==
11084,https://bombayhighcourt.nic.in/generatenewauth.php?bhcpar=cGF0aD0uL3dyaXRlcmVhZGRhdGEvZGF0YS9vcmlnaW5hbC8yMDE5LyZmbmFtZT1DT01TMTMyMTE4MDQwNDE5LnBkZiZzbWZsYWc9TiZyanVkZGF0ZT0mdXBsb2FkZHQ9MDkvMDQvMjAxOSZzcGFzc3BocmFzZT0xNjA5MjQwOTEyMDUmbmNpdGF0aW9uPSZzbWNpdGF0aW9uPSZkaWdjZXJ0ZmxnPU4maW50ZXJmYWNlPQ==
11085,https://bombayhighcourt.nic.in/generatenewauth.php?bhcpar=cGF0aD0uL3dyaXRlcmVhZGRhdGEvZGF0YS9vcmlnaW5hbC8yMDE5LyZmbmFtZT1DT01TMTMyMTE4MDcwMzE5LnBkZiZzbWZsYWc9TiZyanVkZGF0ZT0mdXBsb2FkZHQ9MTIvMDMvMjAxOSZzcGFzc3BocmFzZT0xNjA5MjQwOTEyMDUmbmNpdGF0aW9uPSZzbWNpdGF0aW9uPSZkaWdjZXJ0ZmxnPU4maW50ZXJmYWNlPQ==
11086,https://bombayhighcourt.nic.in/generatenewauth.php?bhcpar=cGF0aD0uL3dyaXRlcmVhZGRhdGEvZGF0YS9vcmlnaW5hbC8yMDE5LyZmbmFtZT1DT01TMTMyMTE4MDcwMjE5LnBkZiZzbWZsYWc9TiZyanVkZGF0ZT0mdXBsb2FkZHQ9MTYvMDIvMjAxOSZzcGFzc3BocmFzZT0xNjA5MjQwOTEyMDUmbmNpdGF0aW9uPSZzbWNpdGF0aW9uPSZkaWdjZXJ0ZmxnPU4maW50ZXJmYWNlPQ==
11228,https://bombayhighcourt.nic.in/generatenewauth.php?bhcpar=cGF0aD0uL3dyaXRlcmVhZGRhdGEvZGF0YS9vcmlnaW5hbC8yMDIxLyZmbmFtZT0yNTA0MDAwMDY1NjIwMThfNC5wZGYmc21mbGFnPU4mcmp1ZGRhdGU9JnVwbG9hZGR0PTAzLzA4LzIwMjEmc3Bhc3NwaHJhc2U9MTYwOTI0MDk1NDUzJm5jaXRhdGlvbj0mc21jaXRhdGlvbj0mZGlnY2VydGZsZz1OJmludGVyZmFjZT0=
11229,https://bombayhighcourt.nic.in/generatenewauth.php?bhcpar=cGF0aD0uL3dyaXRlcmVhZGRhdGEvZGF0YS9vcmlnaW5hbC8yMDIxLyZmbmFtZT0yNTA0MDAwMDY1NjIwMThfMy5wZGYmc21mbGFnPU4mcmp1ZGRhdGU9JnVwbG9hZGR0PTEyLzA3LzIwMjEmc3Bhc3NwaHJhc2U9MTYwOTI0MDk1NDUzJm5jaXRhdGlvbj0mc21jaXRhdGlvbj0mZGlnY2VydGZsZz1OJmludGVyZmFjZT0=
11230,https://bombayhighcourt.nic.in/generatenewauth.php?bhcpar=cGF0aD0uL3dyaXRlcmVhZGRhdGEvZGF0YS9vcmlnaW5hbC8yMDIxLyZmbmFtZT0yNTA0MDAwMDY1NjIwMThfMi5wZGYmc21mbGFnPU4mcmp1ZGRhdGU9JnVwbG9hZGR0PTE3LzAzLzIwMjEmc3Bhc3NwaHJhc2U9MTYwOTI0MDk1NDUzJm5jaXRhdGlvbj0mc21jaXRhdGlvbj0mZGlnY2VydGZsZz1OJmludGVyZmFjZT0=
11231,https://bombayhighcourt.nic.in/generatenewauth.php?bhcpar=cGF0aD0uL3dyaXRlcmVhZGRhdGEvZGF0YS9vcmlnaW5hbC8yMDE5LyZmbmFtZT1TNTg3MTgxMDA3MTkucGRmJnNtZmxhZz1OJnJqdWRkYXRlPSZ1cGxvYWRkdD0xNS8wNy8yMDE5JnNwYXNzcGhyYXNlPTE2MDkyNDA5NTQ1MyZuY2l0YXRpb249JnNtY2l0YXRpb249JmRpZ2NlcnRmbGc9TiZpbnRlcmZhY2U9
11483,https://bombayhighcourt.nic.in/generatenewauth.php?bhcpar=cGF0aD0uL3dyaXRlcmVhZGRhdGEvZGF0YS9vcmlnaW5hbC8yMDE5LyZmbmFtZT1DT01TMTMwMDE4MDgwNzE5LnBkZiZzbWZsYWc9TiZyanVkZGF0ZT0mdXBsb2FkZHQ9MDkvMDcvMjAxOSZzcGFzc3BocmFzZT0xNjA5MjQwOTExMjMmbmNpdGF0aW9uPSZzbWNpdGF0aW9uPSZkaWdjZXJ0ZmxnPU4maW50ZXJmYWNlPQ==
11484,https://bombayhighcourt.nic.in/generatenewauth.php?bhcpar=cGF0aD0uL3dyaXRlcmVhZGRhdGEvZGF0YS9vcmlnaW5hbC8yMDE5LyZmbmFtZT1DT01TMTMwMDE4MDcwMjE5LnBkZiZzbWZsYWc9TiZyanVkZGF0ZT0mdXBsb2FkZHQ9MTYvMDIvMjAxOSZzcGFzc3BocmFzZT0xNjA5MjQwOTExMjMmbmNpdGF0aW9uPSZzbWNpdGF0aW9uPSZkaWdjZXJ0ZmxnPU4maW50ZXJmYWNlPQ==
12217,https://bombayhighcourt.nic.in/generatenewauth.php?bhcpar=cGF0aD0uL3dyaXRlcmVhZGRhdGEvZGF0YS9vcmlnaW5hbC8yMDIzLyZmbmFtZT0yNTA0MDAwMTAxODIwMTlfMy5wZGYmc21mbGFnPU4mcmp1ZGRhdGU9JnVwbG9hZGR0PTA1LzEwLzIwMjMmc3Bhc3NwaHJhc2U9MTYwOTI0MTUwMTEwJm5jaXRhdGlvbj0mc21jaXRhdGlvbj0mZGlnY2VydGZsZz1OJmludGVyZmFjZT1P
12218,https://bombayhighcourt.nic.in/generatenewauth.php?bhcpar=cGF0aD0uL3dyaXRlcmVhZGRhdGEvZGF0YS9vcmlnaW5hbC8yMDIzLyZmbmFtZT0yNTA0MDAwMTAxODIwMTlfMi5wZGYmc21mbGFnPU4mcmp1ZGRhdGU9JnVwbG9hZGR0PTA0LzA5LzIwMjMmc3Bhc3NwaHJhc2U9MTYwOTI0MTUwMTEwJm5jaXRhdGlvbj0mc21jaXRhdGlvbj0mZGlnY2VydGZsZz1OJmludGVyZmFjZT1P
12219,https://bombayhighcourt.nic.in/generatenewauth.php?bhcpar=cGF0aD0uL3dyaXRlcmVhZGRhdGEvZGF0YS9vcmlnaW5hbC8yMDIzLyZmbmFtZT0yNTA0MDAwMTAxODIwMTlfMS5wZGYmc21mbGFnPU4mcmp1ZGRhdGU9JnVwbG9hZGR0PTI0LzA3LzIwMjMmc3Bhc3NwaHJhc2U9MTYwOTI0MTUwMTEwJm5jaXRhdGlvbj0mc21jaXRhdGlvbj0mZGlnY2VydGZsZz1OJmludGVyZmFjZT1P
12251,https://bombayhighcourt.nic.in/generatenewauth.php?bhcpar=cGF0aD0uL3dyaXRlcmVhZGRhdGEvZGF0YS9vcmlnaW5hbC8yMDIzLyZmbmFtZT0yNTA0MDAwMTA2OTIwMTlfMy5wZGYmc21mbGFnPU4mcmp1ZGRhdGU9JnVwbG9hZGR0PTAyLzEyLzIwMjMmc3Bhc3NwaHJhc2U9MTYwOTI0MTUwNjMwJm5jaXRhdGlvbj0mc21jaXRhdGlvbj0mZGlnY2VydGZsZz1ZJmludGVyZmFjZT1P
12253,https://bombayhighcourt.nic.in/generatenewauth.php?bhcpar=cGF0aD0uL3dyaXRlcmVhZGRhdGEvZGF0YS9vcmlnaW5hbC8yMDIzLyZmbmFtZT0yNTA0MDAwMTA2OTIwMTlfMi5wZGYmc21mbGFnPU4mcmp1ZGRhdGU9JnVwbG9hZGR0PTA5LzEwLzIwMjMmc3Bhc3NwaHJhc2U9MTYwOTI0MTUwNjMwJm5jaXRhdGlvbj0mc21jaXRhdGlvbj0mZGlnY2VydGZsZz1OJmludGVyZmFjZT1P
12254,https://bombayhighcourt.nic.in/generatenewauth.php?bhcpar=cGF0aD0uL3dyaXRlcmVhZGRhdGEvZGF0YS9vcmlnaW5hbC8yMDIzLyZmbmFtZT0yNTA0MDAwMTA2OTIwMTlfMS5wZGYmc21mbGFnPU4mcmp1ZGRhdGU9JnVwbG9hZGR0PTA0LzA5LzIwMjMmc3Bhc3NwaHJhc2U9MTYwOTI0MTUwNjMwJm5jaXRhdGlvbj0mc21jaXRhdGlvbj0mZGlnY2VydGZsZz1OJmludGVyZmFjZT1P
12255,https://bombayhighcourt.nic.in/generatenewauth.php?bhcpar=cGF0aD0uL3dyaXRlcmVhZGRhdGEvZGF0YS9vcmlnaW5hbC8yMDI0LyZmbmFtZT0yNTA0MDAwMTI1MzIwMTlfOC5wZGYmc21mbGFnPU4mcmp1ZGRhdGU9JnVwbG9hZGR0PTA4LzA4LzIwMjQmc3Bhc3NwaHJhc2U9MTYwOTI0MTUwODE0Jm5jaXRhdGlvbj0mc21jaXRhdGlvbj0mZGlnY2VydGZsZz1ZJmludGVyZmFjZT1P
12256,https://bombayhighcourt.nic.in/generatenewauth.php?bhcpar=cGF0aD0uL3dyaXRlcmVhZGRhdGEvZGF0YS9vcmlnaW5hbC8yMDI0LyZmbmFtZT0yNTA0MDAwMTI1MzIwMTlfNy5wZGYmc21mbGFnPU4mcmp1ZGRhdGU9JnVwbG9hZGR0PTEyLzA3LzIwMjQmc3Bhc3NwaHJhc2U9MTYwOTI0MTUwODE0Jm5jaXRhdGlvbj0mc21jaXRhdGlvbj0mZGlnY2VydGZsZz1ZJmludGVyZmFjZT1P
12257,https://bombayhighcourt.nic.in/generatenewauth.php?bhcpar=cGF0aD0uL3dyaXRlcmVhZGRhdGEvZGF0YS9vcmlnaW5hbC8yMDI0LyZmbmFtZT0yNTA0MDAwMTI1MzIwMTlfNi5wZGYmc21mbGFnPU4mcmp1ZGRhdGU9JnVwbG9hZGR0PTA5LzA1LzIwMjQmc3Bhc3NwaHJhc2U9MTYwOTI0MTUwODE0Jm5jaXRhdGlvbj0mc21jaXRhdGlvbj0mZGlnY2VydGZsZz1ZJmludGVyZmFjZT1P
12258,https://bombayhighcourt.nic.in/generatenewauth.php?bhcpar=cGF0aD0uL3dyaXRlcmVhZGRhdGEvZGF0YS9vcmlnaW5hbC8yMDI0LyZmbmFtZT0yNTA0MDAwMTI1MzIwMTlfNS5wZGYmc21mbGFnPU4mcmp1ZGRhdGU9JnVwbG9hZGR0PTE4LzA0LzIwMjQmc3Bhc3NwaHJhc2U9MTYwOTI0MTUwODE0Jm5jaXRhdGlvbj0mc21jaXRhdGlvbj0mZGlnY2VydGZsZz1OJmludGVyZmFjZT1P
12260,https://bombayhighcourt.nic.in/generatenewauth.php?bhcpar=cGF0aD0uL3dyaXRlcmVhZGRhdGEvZGF0YS9vcmlnaW5hbC8yMDI0LyZmbmFtZT0yNTA0MDAwMTI1MzIwMTlfNC5wZGYmc21mbGFnPU4mcmp1ZGRhdGU9JnVwbG9hZGR0PTA3LzAzLzIwMjQmc3Bhc3NwaHJhc2U9MTYwOTI0MTUwODE0Jm5jaXRhdGlvbj0mc21jaXRhdGlvbj0mZGlnY2VydGZsZz1ZJmludGVyZmFjZT1P
12261,https://bombayhighcourt.nic.in/generatenewauth.php?bhcpar=cGF0aD0uL3dyaXRlcmVhZGRhdGEvZGF0YS9vcmlnaW5hbC8yMDI0LyZmbmFtZT0yNTA0MDAwMTI1MzIwMTlfMy5wZGYmc21mbGFnPU4mcmp1ZGRhdGU9JnVwbG9hZGR0PTIyLzAyLzIwMjQmc3Bhc3NwaHJhc2U9MTYwOTI0MTUwODE0Jm5jaXRhdGlvbj0mc21jaXRhdGlvbj0mZGlnY2VydGZsZz1ZJmludGVyZmFjZT1P
12262,https://bombayhighcourt.nic.in/generatenewauth.php?bhcpar=cGF0aD0uL3dyaXRlcmVhZGRhdGEvZGF0YS9vcmlnaW5hbC8yMDI0LyZmbmFtZT0yNTA0MDAwMTI1MzIwMTlfMi5wZGYmc21mbGFnPU4mcmp1ZGRhdGU9JnVwbG9hZGR0PTA5LzAxLzIwMjQmc3Bhc3NwaHJhc2U9MTYwOTI0MTUwODE0Jm5jaXRhdGlvbj0mc21jaXRhdGlvbj0mZGlnY2VydGZsZz1ZJmludGVyZmFjZT1P
12263,https://bombayhighcourt.nic.in/generatenewauth.php?bhcpar=cGF0aD0uL3dyaXRlcmVhZGRhdGEvZGF0YS9vcmlnaW5hbC8yMDIzLyZmbmFtZT0yNTA0MDAwMTI1MzIwMTlfMS5wZGYmc21mbGFnPU4mcmp1ZGRhdGU9JnVwbG9hZGR0PTE2LzEwLzIwMjMmc3Bhc3NwaHJhc2U9MTYwOTI0MTUwODE0Jm5jaXRhdGlvbj0mc21jaXRhdGlvbj0mZGlnY2VydGZsZz1OJmludGVyZmFjZT1P
12292,https://bombayhighcourt.nic.in/generatenewauth.php?bhcpar=cGF0aD0uL3dyaXRlcmVhZGRhdGEvZGF0YS9vcmlnaW5hbC8yMDIzLyZmbmFtZT0yNzQyMDAwMTM3NjIwMTlfNi5wZGYmc21mbGFnPU4mcmp1ZGRhdGU9JnVwbG9hZGR0PTIwLzEwLzIwMjMmc3Bhc3NwaHJhc2U9MTYwOTI0MTUyMTEzJm5jaXRhdGlvbj0mc21jaXRhdGlvbj0mZGlnY2VydGZsZz1OJmludGVyZmFjZT1P
12293,https://bombayhighcourt.nic.in/generatenewauth.php?bhcpar=cGF0aD0uL3dyaXRlcmVhZGRhdGEvZGF0YS9vcmlnaW5hbC8yMDIzLyZmbmFtZT0yNzQyMDAwMTM3NjIwMTlfNS5wZGYmc21mbGFnPU4mcmp1ZGRhdGU9JnVwbG9hZGR0PTMxLzA4LzIwMjMmc3Bhc3NwaHJhc2U9MTYwOTI0MTUyMTEzJm5jaXRhdGlvbj0mc21jaXRhdGlvbj0mZGlnY2VydGZsZz1OJmludGVyZmFjZT1P
12294,https://bombayhighcourt.nic.in/generatenewauth.php?bhcpar=cGF0aD0uL3dyaXRlcmVhZGRhdGEvZGF0YS9vcmlnaW5hbC8yMDIzLyZmbmFtZT0yNzQyMDAwMTM3NjIwMTlfNC5wZGYmc21mbGFnPU4mcmp1ZGRhdGU9JnVwbG9hZGR0PTIxLzAzLzIwMjMmc3Bhc3NwaHJhc2U9MTYwOTI0MTUyMTEzJm5jaXRhdGlvbj0mc21jaXRhdGlvbj0mZGlnY2VydGZsZz1OJmludGVyZmFjZT0=
12295,https://bombayhighcourt.nic.in/generatenewauth.php?bhcpar=cGF0aD0uL3dyaXRlcmVhZGRhdGEvZGF0YS9vcmlnaW5hbC8yMDIzLyZmbmFtZT0yNzQyMDAwMTM3NjIwMTlfMy5wZGYmc21mbGFnPU4mcmp1ZGRhdGU9JnVwbG9hZGR0PTE3LzAyLzIwMjMmc3Bhc3NwaHJhc2U9MTYwOTI0MTUyMTEzJm5jaXRhdGlvbj0mc21jaXRhdGlvbj0mZGlnY2VydGZsZz1OJmludGVyZmFjZT0=
12296,https://bombayhighcourt.nic.in/generatenewauth.php?bhcpar=cGF0aD0uL3dyaXRlcmVhZGRhdGEvZGF0YS9vcmlnaW5hbC8yMDIzLyZmbmFtZT0yNzQyMDAwMTM3NjIwMTlfMi5wZGYmc21mbGFnPU4mcmp1ZGRhdGU9JnVwbG9hZGR0PTE4LzAxLzIwMjMmc3Bhc3NwaHJhc2U9MTYwOTI0MTUyMTEzJm5jaXRhdGlvbj0mc21jaXRhdGlvbj0mZGlnY2VydGZsZz1OJmludGVyZmFjZT0=
12297,https://bombayhighcourt.nic.in/generatenewauth.php?bhcpar=cGF0aD0uL3dyaXRlcmVhZGRhdGEvZGF0YS9vcmlnaW5hbC8yMDIxLyZmbmFtZT0yNzQyMDAwMTM3NjIwMTlfMS5wZGYmc21mbGFnPU4mcmp1ZGRhdGU9JnVwbG9hZGR0PTI4LzA5LzIwMjEmc3Bhc3NwaHJhc2U9MTYwOTI0MTUyMTEzJm5jaXRhdGlvbj0mc21jaXRhdGlvbj0mZGlnY2VydGZsZz1ZJmludGVyZmFjZT0=
12780,https://bombayhighcourt.nic.in/generatenewauth.php?bhcpar=cGF0aD0uL3dyaXRlcmVhZGRhdGEvZGF0YS9vcmlnaW5hbC8yMDIxLyZmbmFtZT0yNzQyMDAwMDI4MTIwMTlfMS5wZGYmc21mbGFnPU4mcmp1ZGRhdGU9JnVwbG9hZGR0PTA1LzEwLzIwMjEmc3Bhc3NwaHJhc2U9MTYwOTI0MTMyNjM5Jm5jaXRhdGlvbj0mc21jaXRhdGlvbj0mZGlnY2VydGZsZz1ZJmludGVyZmFjZT0=
13585,https://bombayhighcourt.nic.in/generatenewauth.php?bhcpar=cGF0aD0uL3dyaXRlcmVhZGRhdGEvZGF0YS9vcmlnaW5hbC8yMDIzLyZmbmFtZT0yNTA0MDAwMDc4MDIwMTlfMS5wZGYmc21mbGFnPU4mcmp1ZGRhdGU9JnVwbG9hZGR0PTIzLzA2LzIwMjMmc3Bhc3NwaHJhc2U9MTYwOTI0MTMzMDQwJm5jaXRhdGlvbj0mc21jaXRhdGlvbj0mZGlnY2VydGZsZz1ZJmludGVyZmFjZT0=
13595,https://bombayhighcourt.nic.in/generatenewauth.php?bhcpar=cGF0aD0uL3dyaXRlcmVhZGRhdGEvZGF0YS9vcmlnaW5hbC8yMDIzLyZmbmFtZT0yNzQyMDAwMDE2NjIwMjBfOC5wZGYmc21mbGFnPU4mcmp1ZGRhdGU9JnVwbG9hZGR0PTEwLzEwLzIwMjMmc3Bhc3NwaHJhc2U9MTYwOTI0MTQzMjEyJm5jaXRhdGlvbj0yMDIzOkJIQy1PUzoxMTYyNiZzbWNpdGF0aW9uPSZkaWdjZXJ0ZmxnPVkmaW50ZXJmYWNlPU8=
13596,https://bombayhighcourt.nic.in/generatenewauth.php?bhcpar=cGF0aD0uL3dyaXRlcmVhZGRhdGEvZGF0YS9vcmlnaW5hbC8yMDIwLyZmbmFtZT1TMTYyMTkxNzAxMjAucGRmJnNtZmxhZz1OJnJqdWRkYXRlPSZ1cGxvYWRkdD0yMC8wMS8yMDIwJnNwYXNzcGhyYXNlPTE2MDkyNDE0MzIxMiZuY2l0YXRpb249JnNtY2l0YXRpb249JmRpZ2NlcnRmbGc9TiZpbnRlcmZhY2U9
13597,https://bombayhighcourt.nic.in/generatenewauth.php?bhcpar=cGF0aD0uL3dyaXRlcmVhZGRhdGEvZGF0YS9vcmlnaW5hbC8yMDE5LyZmbmFtZT1TMTYyMTkwNjEyMTkucGRmJnNtZmxhZz1OJnJqdWRkYXRlPSZ1cGxvYWRkdD0wNy8xMi8yMDE5JnNwYXNzcGhyYXNlPTE2MDkyNDE0MzIxMiZuY2l0YXRpb249JnNtY2l0YXRpb249JmRpZ2NlcnRmbGc9TiZpbnRlcmZhY2U9
13598,https://bombayhighcourt.nic.in/generatenewauth.php?bhcpar=cGF0aD0uL3dyaXRlcmVhZGRhdGEvZGF0YS9vcmlnaW5hbC8yMDE5LyZmbmFtZT1TMTYyMTkwODExMTkucGRmJnNtZmxhZz1OJnJqdWRkYXRlPSZ1cGxvYWRkdD0xMy8xMS8yMDE5JnNwYXNzcGhyYXNlPTE2MDkyNDE0MzIxMiZuY2l0YXRpb249JnNtY2l0YXRpb249JmRpZ2NlcnRmbGc9TiZpbnRlcmZhY2U9
13599,https://bombayhighcourt.nic.in/generatenewauth.php?bhcpar=cGF0aD0uL3dyaXRlcmVhZGRhdGEvZGF0YS9vcmlnaW5hbC8yMDE5LyZmbmFtZT1TMTYyMTkxMzA5MTkucGRmJnNtZmxhZz1OJnJqdWRkYXRlPSZ1cGxvYWRkdD0xOC8wOS8yMDE5JnNwYXNzcGhyYXNlPTE2MDkyNDE0MzIxMiZuY2l0YXRpb249JnNtY2l0YXRpb249JmRpZ2NlcnRmbGc9TiZpbnRlcmZhY2U9
13600,https://bombayhighcourt.nic.in/generatenewauth.php?bhcpar=cGF0aD0uL3dyaXRlcmVhZGRhdGEvZGF0YS9vcmlnaW5hbC8yMDE5LyZmbmFtZT1TMTYyMTkxNjA4MTkucGRmJnNtZmxhZz1OJnJqdWRkYXRlPSZ1cGxvYWRkdD0yMC8wOC8yMDE5JnNwYXNzcGhyYXNlPTE2MDkyNDE0MzIxMiZuY2l0YXRpb249JnNtY2l0YXRpb249JmRpZ2NlcnRmbGc9TiZpbnRlcmZhY2U9
13601,https://bombayhighcourt.nic.in/generatenewauth.php?bhcpar=cGF0aD0uL3dyaXRlcmVhZGRhdGEvZGF0YS9vcmlnaW5hbC8yMDE5LyZmbmFtZT1TMTYyMTkxODA3MTkucGRmJnNtZmxhZz1OJnJqdWRkYXRlPSZ1cGxvYWRkdD0xOS8wNy8yMDE5JnNwYXNzcGhyYXNlPTE2MDkyNDE0MzIxMiZuY2l0YXRpb249JnNtY2l0YXRpb249JmRpZ2NlcnRmbGc9TiZpbnRlcmZhY2U9
13602,https://bombayhighcourt.nic.in/generatenewauth.php?bhcpar=cGF0aD0uL3dyaXRlcmVhZGRhdGEvZGF0YS9vcmlnaW5hbC8yMDE5LyZmbmFtZT1TMTYyMTkyMDA2MTkucGRmJnNtZmxhZz1OJnJqdWRkYXRlPSZ1cGxvYWRkdD0yNi8wNi8yMDE5JnNwYXNzcGhyYXNlPTE2MDkyNDE0MzIxMiZuY2l0YXRpb249JnNtY2l0YXRpb249JmRpZ2NlcnRmbGc9TiZpbnRlcmZhY2U9
13769,https://bombayhighcourt.nic.in/generatenewauth.php?bhcpar=cGF0aD0uL3dyaXRlcmVhZGRhdGEvZGF0YS9vcmlnaW5hbC8yMDI0LyZmbmFtZT0yNTA0MDAwMTEyOTIwMTlfNC5wZGYmc21mbGFnPU4mcmp1ZGRhdGU9JnVwbG9hZGR0PTAzLzAxLzIwMjQmc3Bhc3NwaHJhc2U9MTYwOTI0MTQ1OTE0Jm5jaXRhdGlvbj0mc21jaXRhdGlvbj0mZGlnY2VydGZsZz1ZJmludGVyZmFjZT1P
13770,https://bombayhighcourt.nic.in/generatenewauth.php?bhcpar=cGF0aD0uL3dyaXRlcmVhZGRhdGEvZGF0YS9vcmlnaW5hbC8yMDIzLyZmbmFtZT0yNTA0MDAwMTEyOTIwMTlfMy5wZGYmc21mbGFnPU4mcmp1ZGRhdGU9JnVwbG9hZGR0PTEzLzEwLzIwMjMmc3Bhc3NwaHJhc2U9MTYwOTI0MTQ1OTE0Jm5jaXRhdGlvbj0mc21jaXRhdGlvbj0mZGlnY2VydGZsZz1OJmludGVyZmFjZT1P
13771,https://bombayhighcourt.nic.in/generatenewauth.php?bhcpar=cGF0aD0uL3dyaXRlcmVhZGRhdGEvZGF0YS9vcmlnaW5hbC8yMDIzLyZmbmFtZT0yNTA0MDAwMTEyOTIwMTlfMi5wZGYmc21mbGFnPU4mcmp1ZGRhdGU9JnVwbG9hZGR0PTIxLzA5LzIwMjMmc3Bhc3NwaHJhc2U9MTYwOTI0MTQ1OTE0Jm5jaXRhdGlvbj0mc21jaXRhdGlvbj0mZGlnY2VydGZsZz1OJmludGVyZmFjZT1P
13772,https://bombayhighcourt.nic.in/generatenewauth.php?bhcpar=cGF0aD0uL3dyaXRlcmVhZGRhdGEvZGF0YS9vcmlnaW5hbC8yMDIzLyZmbmFtZT0yNTA0MDAwMTEyOTIwMTlfMS5wZGYmc21mbGFnPU4mcmp1ZGRhdGU9JnVwbG9hZGR0PTEyLzA5LzIwMjMmc3Bhc3NwaHJhc2U9MTYwOTI0MTQ1OTE0Jm5jaXRhdGlvbj0mc21jaXRhdGlvbj0mZGlnY2VydGZsZz1OJmludGVyZmFjZT1P
13935,https://bombayhighcourt.nic.in/generatenewauth.php?bhcpar=cGF0aD0uL3dyaXRlcmVhZGRhdGEvZGF0YS9vcmlnaW5hbC8yMDE5LyZmbmFtZT1DT01TMTQ5MTkyMDA2MTkucGRmJnNtZmxhZz1OJnJqdWRkYXRlPSZ1cGxvYWRkdD0yNi8wNi8yMDE5JnNwYXNzcGhyYXNlPTE2MDkyNDEzMjUzNyZuY2l0YXRpb249JnNtY2l0YXRpb249JmRpZ2NlcnRmbGc9TiZpbnRlcmZhY2U9
14193,https://bombayhighcourt.nic.in/generatenewauth.php?bhcpar=cGF0aD0uL3dyaXRlcmVhZGRhdGEvZGF0YS9vcmlnaW5hbC8yMDIzLyZmbmFtZT0yNTA0MDAwMTIwMzIwMTlfMi5wZGYmc21mbGFnPU4mcmp1ZGRhdGU9JnVwbG9hZGR0PTA2LzEyLzIwMjMmc3Bhc3NwaHJhc2U9MTYwOTI0MTUwMTMxJm5jaXRhdGlvbj0mc21jaXRhdGlvbj0mZGlnY2VydGZsZz1ZJmludGVyZmFjZT1P
14194,https://bombayhighcourt.nic.in/generatenewauth.php?bhcpar=cGF0aD0uL3dyaXRlcmVhZGRhdGEvZGF0YS9vcmlnaW5hbC8yMDIzLyZmbmFtZT0yNTA0MDAwMTIwMzIwMTlfMS5wZGYmc21mbGFnPU4mcmp1ZGRhdGU9JnVwbG9hZGR0PTA5LzEwLzIwMjMmc3Bhc3NwaHJhc2U9MTYwOTI0MTUwMTMxJm5jaXRhdGlvbj0mc21jaXRhdGlvbj0mZGlnY2VydGZsZz1OJmludGVyZmFjZT1P
14256,https://bombayhighcourt.nic.in/generatenewauth.php?bhcpar=cGF0aD0uL3dyaXRlcmVhZGRhdGEvZGF0YS9vcmlnaW5hbC8yMDIxLyZmbmFtZT0yNzU3MDAwMDk1NDIwMTlfMS5wZGYmc21mbGFnPU4mcmp1ZGRhdGU9JnVwbG9hZGR0PTA5LzA0LzIwMjEmc3Bhc3NwaHJhc2U9MTYwOTI0MTQxNTUzJm5jaXRhdGlvbj0yMDIxOkJIQy1PUzoxODQ5JnNtY2l0YXRpb249JmRpZ2NlcnRmbGc9TiZpbnRlcmZhY2U9
14302,https://bombayhighcourt.nic.in/generatenewauth.php?bhcpar=cGF0aD0uL3dyaXRlcmVhZGRhdGEvZGF0YS9vcmlnaW5hbC8yMDIyLyZmbmFtZT0yNzQyMDAwMDIwODIwMTlfMTAucGRmJnNtZmxhZz1OJnJqdWRkYXRlPSZ1cGxvYWRkdD0yOS8wNi8yMDIyJnNwYXNzcGhyYXNlPTE2MDkyNDEzMjMyNSZuY2l0YXRpb249JnNtY2l0YXRpb249JmRpZ2NlcnRmbGc9WSZpbnRlcmZhY2U9
14303,https://bombayhighcourt.nic.in/generatenewauth.php?bhcpar=cGF0aD0uL3dyaXRlcmVhZGRhdGEvZGF0YS9vcmlnaW5hbC8yMDIyLyZmbmFtZT0yNzQyMDAwMDIwODIwMTlfOS5wZGYmc21mbGFnPU4mcmp1ZGRhdGU9JnVwbG9hZGR0PTA4LzA2LzIwMjImc3Bhc3NwaHJhc2U9MTYwOTI0MTMyMzI1Jm5jaXRhdGlvbj0mc21jaXRhdGlvbj0mZGlnY2VydGZsZz1ZJmludGVyZmFjZT0=
14304,https://bombayhighcourt.nic.in/generatenewauth.php?bhcpar=cGF0aD0uL3dyaXRlcmVhZGRhdGEvZGF0YS9vcmlnaW5hbC8yMDIyLyZmbmFtZT0yNzQyMDAwMDIwODIwMTlfOC5wZGYmc21mbGFnPU4mcmp1ZGRhdGU9JnVwbG9hZGR0PTIxLzA0LzIwMjImc3Bhc3NwaHJhc2U9MTYwOTI0MTMyMzI1Jm5jaXRhdGlvbj0mc21jaXRhdGlvbj0mZGlnY2VydGZsZz1ZJmludGVyZmFjZT0=
14305,https://bombayhighcourt.nic.in/generatenewauth.php?bhcpar=cGF0aD0uL3dyaXRlcmVhZGRhdGEvZGF0YS9vcmlnaW5hbC8yMDIyLyZmbmFtZT0yNzQyMDAwMDIwODIwMTlfNy5wZGYmc21mbGFnPU4mcmp1ZGRhdGU9JnVwbG9hZGR0PTMxLzAzLzIwMjImc3Bhc3NwaHJhc2U9MTYwOTI0MTMyMzI1Jm5jaXRhdGlvbj0mc21jaXRhdGlvbj0mZGlnY2VydGZsZz1ZJmludGVyZmFjZT0=
14306,https://bombayhighcourt.nic.in/generatenewauth.php?bhcpar=cGF0aD0uL3dyaXRlcmVhZGRhdGEvZGF0YS9vcmlnaW5hbC8yMDIxLyZmbmFtZT0yNzQyMDAwMDIwODIwMTlfNS5wZGYmc21mbGFnPU4mcmp1ZGRhdGU9JnVwbG9hZGR0PTIxLzA4LzIwMjEmc3Bhc3NwaHJhc2U9MTYwOTI0MTMyMzI1Jm5jaXRhdGlvbj0mc21jaXRhdGlvbj0mZGlnY2VydGZsZz1ZJmludGVyZmFjZT0=
14307,https://bombayhighcourt.nic.in/generatenewauth.php?bhcpar=cGF0aD0uL3dyaXRlcmVhZGRhdGEvZGF0YS9vcmlnaW5hbC8yMDIxLyZmbmFtZT0yNzQyMDAwMDIwODIwMTlfMy5wZGYmc21mbGFnPU4mcmp1ZGRhdGU9JnVwbG9hZGR0PTA2LzA4LzIwMjEmc3Bhc3NwaHJhc2U9MTYwOTI0MTMyMzI1Jm5jaXRhdGlvbj0mc21jaXRhdGlvbj0mZGlnY2VydGZsZz1ZJmludGVyZmFjZT0=
14308,https://bombayhighcourt.nic.in/generatenewauth.php?bhcpar=cGF0aD0uL3dyaXRlcmVhZGRhdGEvZGF0YS9vcmlnaW5hbC8yMDIxLyZmbmFtZT0yNzQyMDAwMDIwODIwMTlfNi5wZGYmc21mbGFnPU4mcmp1ZGRhdGU9JnVwbG9hZGR0PTIxLzA4LzIwMjEmc3Bhc3NwaHJhc2U9MTYwOTI0MTMyMzI1Jm5jaXRhdGlvbj0mc21jaXRhdGlvbj0mZGlnY2VydGZsZz1ZJmludGVyZmFjZT0=
14309,https://bombayhighcourt.nic.in/generatenewauth.php?bhcpar=cGF0aD0uL3dyaXRlcmVhZGRhdGEvZGF0YS9vcmlnaW5hbC8yMDIxLyZmbmFtZT0yNzQyMDAwMDIwODIwMTlfMS5wZGYmc21mbGFnPU4mcmp1ZGRhdGU9JnVwbG9hZGR0PTA1LzAxLzIwMjEmc3Bhc3NwaHJhc2U9MTYwOTI0MTMyMzI1Jm5jaXRhdGlvbj0mc21jaXRhdGlvbj0mZGlnY2VydGZsZz1ZJmludGVyZmFjZT0=
14335,https://bombayhighcourt.nic.in/generatenewauth.php?bhcpar=cGF0aD0uL3dyaXRlcmVhZGRhdGEvZGF0YS9vcmlnaW5hbC8yMDIzLyZmbmFtZT0yNTA0MDAwMDM0ODIwMTlfMi5wZGYmc21mbGFnPU4mcmp1ZGRhdGU9JnVwbG9hZGR0PTI4LzAyLzIwMjMmc3Bhc3NwaHJhc2U9MTYwOTI0MTQzNjA2Jm5jaXRhdGlvbj0mc21jaXRhdGlvbj0mZGlnY2VydGZsZz1ZJmludGVyZmFjZT0=
14336,https://bombayhighcourt.nic.in/generatenewauth.php?bhcpar=cGF0aD0uL3dyaXRlcmVhZGRhdGEvZGF0YS9vcmlnaW5hbC8yMDIwLyZmbmFtZT1TMjcxOTAzMDMyMC5wZGYmc21mbGFnPU4mcmp1ZGRhdGU9JnVwbG9hZGR0PTA1LzAzLzIwMjAmc3Bhc3NwaHJhc2U9MTYwOTI0MTQzNjA2Jm5jaXRhdGlvbj0mc21jaXRhdGlvbj0mZGlnY2VydGZsZz1OJmludGVyZmFjZT0=
14657,https://bombayhighcourt.nic.in/generatenewauth.php?bhcpar=cGF0aD0uL3dyaXRlcmVhZGRhdGEvZGF0YS9vcmlnaW5hbC8yMDE5LyZmbmFtZT1DT01TNTExOTIyMDIxOS5wZGYmc21mbGFnPU4mcmp1ZGRhdGU9JnVwbG9hZGR0PTI2LzAyLzIwMTkmc3Bhc3NwaHJhc2U9MTYwOTI0MTMyMjQxJm5jaXRhdGlvbj0yMDE5OkJIQy1PUzo1MTI0JnNtY2l0YXRpb249JmRpZ2NlcnRmbGc9TiZpbnRlcmZhY2U9
14674,https://bombayhighcourt.nic.in/generatenewauth.php?bhcpar=cGF0aD0uL3dyaXRlcmVhZGRhdGEvZGF0YS9vcmlnaW5hbC8yMDIzLyZmbmFtZT0yNzQyMDAwMTAzNjIwMTlfNi5wZGYmc21mbGFnPU4mcmp1ZGRhdGU9JnVwbG9hZGR0PTAzLzA4LzIwMjMmc3Bhc3NwaHJhc2U9MTYwOTI0MTMyNzQ3Jm5jaXRhdGlvbj0mc21jaXRhdGlvbj0mZGlnY2VydGZsZz1ZJmludGVyZmFjZT1P
14675,https://bombayhighcourt.nic.in/generatenewauth.php?bhcpar=cGF0aD0uL3dyaXRlcmVhZGRhdGEvZGF0YS9vcmlnaW5hbC8yMDIzLyZmbmFtZT0yNzQyMDAwMTAzNjIwMTlfNS5wZGYmc21mbGFnPU4mcmp1ZGRhdGU9JnVwbG9hZGR0PTA3LzA3LzIwMjMmc3Bhc3NwaHJhc2U9MTYwOTI0MTMyNzQ3Jm5jaXRhdGlvbj0mc21jaXRhdGlvbj0mZGlnY2VydGZsZz1ZJmludGVyZmFjZT0=
14676,https://bombayhighcourt.nic.in/generatenewauth.php?bhcpar=cGF0aD0uL3dyaXRlcmVhZGRhdGEvZGF0YS9vcmlnaW5hbC8yMDIwLyZmbmFtZT1DT01TMjExMTkwMzAyMjAucGRmJnNtZmxhZz1OJnJqdWRkYXRlPSZ1cGxvYWRkdD0wMy8wMi8yMDIwJnNwYXNzcGhyYXNlPTE2MDkyNDEzMjc0NyZuY2l0YXRpb249JnNtY2l0YXRpb249JmRpZ2NlcnRmbGc9TiZpbnRlcmZhY2U9
14677,https://bombayhighcourt.nic.in/generatenewauth.php?bhcpar=cGF0aD0uL3dyaXRlcmVhZGRhdGEvZGF0YS9vcmlnaW5hbC8yMDE5LyZmbmFtZT1DT01TMjExMTkxMzExMTkucGRmJnNtZmxhZz1OJnJqdWRkYXRlPSZ1cGxvYWRkdD0xNi8xMS8yMDE5JnNwYXNzcGhyYXNlPTE2MDkyNDEzMjc0NyZuY2l0YXRpb249JnNtY2l0YXRpb249JmRpZ2NlcnRmbGc9TiZpbnRlcmZhY2U9
14678,https://bombayhighcourt.nic.in/generatenewauth.php?bhcpar=cGF0aD0uL3dyaXRlcmVhZGRhdGEvZGF0YS9vcmlnaW5hbC8yMDE5LyZmbmFtZT1DT01TMjExMTkwODExMTkucGRmJnNtZmxhZz1OJnJqdWRkYXRlPSZ1cGxvYWRkdD0wOC8xMS8yMDE5JnNwYXNzcGhyYXNlPTE2MDkyNDEzMjc0NyZuY2l0YXRpb249JnNtY2l0YXRpb249JmRpZ2NlcnRmbGc9TiZpbnRlcmZhY2U9
14679,https://bombayhighcourt.nic.in/generatenewauth.php?bhcpar=cGF0aD0uL3dyaXRlcmVhZGRhdGEvZGF0YS9vcmlnaW5hbC8yMDE5LyZmbmFtZT1DT01TMjExMTkxMTA3MTkucGRmJnNtZmxhZz1OJnJqdWRkYXRlPSZ1cGxvYWRkdD0xNy8wNy8yMDE5JnNwYXNzcGhyYXNlPTE2MDkyNDEzMjc0NyZuY2l0YXRpb249JnNtY2l0YXRpb249JmRpZ2NlcnRmbGc9TiZpbnRlcmZhY2U9
14840,https://bombayhighcourt.nic.in/generatenewauth.php?bhcpar=cGF0aD0uL3dyaXRlcmVhZGRhdGEvZGF0YS9vcmlnaW5hbC8yMDE5LyZmbmFtZT1DT01TNzE4MTkxNTExMTkucGRmJnNtZmxhZz1OJnJqdWRkYXRlPSZ1cGxvYWRkdD0xNi8xMS8yMDE5JnNwYXNzcGhyYXNlPTE2MDkyNDEzNDUyMiZuY2l0YXRpb249JnNtY2l0YXRpb249JmRpZ2NlcnRmbGc9TiZpbnRlcmZhY2U9
14841,https://bombayhighcourt.nic.in/generatenewauth.php?bhcpar=cGF0aD0uL3dyaXRlcmVhZGRhdGEvZGF0YS9vcmlnaW5hbC8yMDE5LyZmbmFtZT1DT01TNzE4MTkxOTA4MTkucGRmJnNtZmxhZz1OJnJqdWRkYXRlPSZ1cGxvYWRkdD0yMS8wOC8yMDE5JnNwYXNzcGhyYXNlPTE2MDkyNDEzNDUyMiZuY2l0YXRpb249JnNtY2l0YXRpb249JmRpZ2NlcnRmbGc9TiZpbnRlcmZhY2U9
14842,https://bombayhighcourt.nic.in/generatenewauth.php?bhcpar=cGF0aD0uL3dyaXRlcmVhZGRhdGEvZGF0YS9vcmlnaW5hbC8yMDE5LyZmbmFtZT1DT01TNzE4MTkwNTA4MTkucGRmJnNtZmxhZz1OJnJqdWRkYXRlPSZ1cGxvYWRkdD0wNS8wOC8yMDE5JnNwYXNzcGhyYXNlPTE2MDkyNDEzNDUyMiZuY2l0YXRpb249JnNtY2l0YXRpb249JmRpZ2NlcnRmbGc9TiZpbnRlcmZhY2U9
14843,https://bombayhighcourt.nic.in/generatenewauth.php?bhcpar=cGF0aD0uL3dyaXRlcmVhZGRhdGEvZGF0YS9vcmlnaW5hbC8yMDE5LyZmbmFtZT1DT01TNzE4MTkyOTA3MTkucGRmJnNtZmxhZz1OJnJqdWRkYXRlPSZ1cGxvYWRkdD0yOS8wNy8yMDE5JnNwYXNzcGhyYXNlPTE2MDkyNDEzNDUyMiZuY2l0YXRpb249JnNtY2l0YXRpb249JmRpZ2NlcnRmbGc9TiZpbnRlcmZhY2U9
15021,https://bombayhighcourt.nic.in/generatenewauth.php?bhcpar=cGF0aD0uL3dyaXRlcmVhZGRhdGEvZGF0YS9vcmlnaW5hbC8yMDIyLyZmbmFtZT0yNzQyMDAwMTMxODIwMTlfMi5wZGYmc21mbGFnPU4mcmp1ZGRhdGU9JnVwbG9hZGR0PTMwLzExLzIwMjImc3Bhc3NwaHJhc2U9MTYwOTI0MTM1NTUwJm5jaXRhdGlvbj0yMDIyOkJIQy1PUzo4NjU0JnNtY2l0YXRpb249JmRpZ2NlcnRmbGc9WSZpbnRlcmZhY2U9
15022,https://bombayhighcourt.nic.in/generatenewauth.php?bhcpar=cGF0aD0uL3dyaXRlcmVhZGRhdGEvZGF0YS9vcmlnaW5hbC8yMDIyLyZmbmFtZT0yNzQyMDAwMTMxODIwMTlfMS5wZGYmc21mbGFnPU4mcmp1ZGRhdGU9JnVwbG9hZGR0PTI4LzExLzIwMjImc3Bhc3NwaHJhc2U9MTYwOTI0MTM1NTUwJm5jaXRhdGlvbj0mc21jaXRhdGlvbj0mZGlnY2VydGZsZz1OJmludGVyZmFjZT0=
15080,https://bombayhighcourt.nic.in/generatenewauth.php?bhcpar=cGF0aD0uL3dyaXRlcmVhZGRhdGEvZGF0YS9vcmlnaW5hbC8yMDIyLyZmbmFtZT0yNzU3MDAwMTQxMDIwMTlfMy5wZGYmc21mbGFnPU4mcmp1ZGRhdGU9JnVwbG9hZGR0PTIzLzA2LzIwMjImc3Bhc3NwaHJhc2U9MTYwOTI0MTQxNTEwJm5jaXRhdGlvbj0mc21jaXRhdGlvbj0mZGlnY2VydGZsZz1ZJmludGVyZmFjZT0=
15081,https://bombayhighcourt.nic.in/generatenewauth.php?bhcpar=cGF0aD0uL3dyaXRlcmVhZGRhdGEvZGF0YS9vcmlnaW5hbC8yMDE5LyZmbmFtZT1DT01TUzY5MTE5MDcxMTE5LnBkZiZzbWZsYWc9TiZyanVkZGF0ZT0mdXBsb2FkZHQ9MDgvMTEvMjAxOSZzcGFzc3BocmFzZT0xNjA5MjQxNDE1MTAmbmNpdGF0aW9uPSZzbWNpdGF0aW9uPSZkaWdjZXJ0ZmxnPU4maW50ZXJmYWNlPQ==
15082,https://bombayhighcourt.nic.in/generatenewauth.php?bhcpar=cGF0aD0uL3dyaXRlcmVhZGRhdGEvZGF0YS9vcmlnaW5hbC8yMDE5LyZmbmFtZT1DT01TUzY5MTE5MTAxMDE5LnBkZiZzbWZsYWc9TiZyanVkZGF0ZT0mdXBsb2FkZHQ9MTEvMTAvMjAxOSZzcGFzc3BocmFzZT0xNjA5MjQxNDE1MTAmbmNpdGF0aW9uPSZzbWNpdGF0aW9uPSZkaWdjZXJ0ZmxnPU4maW50ZXJmYWNlPQ==
15941,https://bombayhighcourt.nic.in/generatenewauth.php?bhcpar=cGF0aD0uL3dyaXRlcmVhZGRhdGEvZGF0YS9vcmlnaW5hbC8yMDIwLyZmbmFtZT1GMjc0MjAwMDI2NDQyMDIwXzMucGRmJnNtZmxhZz1OJnJqdWRkYXRlPSZ1cGxvYWRkdD0yNi8xMS8yMDIwJnNwYXNzcGhyYXNlPTE2MDkyNDE3NTAxOCZuY2l0YXRpb249JnNtY2l0YXRpb249JmRpZ2NlcnRmbGc9WSZpbnRlcmZhY2U9
15942,https://bombayhighcourt.nic.in/generatenewauth.php?bhcpar=cGF0aD0uL3dyaXRlcmVhZGRhdGEvZGF0YS9vcmlnaW5hbC8yMDIwLyZmbmFtZT1GMjc0MjAwMDI2NDQyMDIwXzIucGRmJnNtZmxhZz1OJnJqdWRkYXRlPSZ1cGxvYWRkdD0yNC8xMS8yMDIwJnNwYXNzcGhyYXNlPTE2MDkyNDE3NTAxOCZuY2l0YXRpb249JnNtY2l0YXRpb249JmRpZ2NlcnRmbGc9WSZpbnRlcmZhY2U9
15943,https://bombayhighcourt.nic.in/generatenewauth.php?bhcpar=cGF0aD0uL3dyaXRlcmVhZGRhdGEvZGF0YS9vcmlnaW5hbC8yMDIwLyZmbmFtZT1GMjc0MjAwMDI2NDQyMDIwXzEucGRmJnNtZmxhZz1OJnJqdWRkYXRlPSZ1cGxvYWRkdD0wNS8xMS8yMDIwJnNwYXNzcGhyYXNlPTE2MDkyNDE3NTAxOCZuY2l0YXRpb249JnNtY2l0YXRpb249JmRpZ2NlcnRmbGc9WSZpbnRlcmZhY2U9
15988,https://bombayhighcourt.nic.in/generatenewauth.php?bhcpar=cGF0aD0uL3dyaXRlcmVhZGRhdGEvZGF0YS9vcmlnaW5hbC8yMDIwLyZmbmFtZT1TMTY1MjAxODAyMjAucGRmJnNtZmxhZz1OJnJqdWRkYXRlPSZ1cGxvYWRkdD0xOC8wMi8yMDIwJnNwYXNzcGhyYXNlPTE2MDkyNDE4Mjc0NCZuY2l0YXRpb249JnNtY2l0YXRpb249JmRpZ2NlcnRmbGc9TiZpbnRlcmZhY2U9
16077,https://bombayhighcourt.nic.in/generatenewauth.php?bhcpar=cGF0aD0uL3dyaXRlcmVhZGRhdGEvZGF0YS9vcmlnaW5hbC8yMDIzLyZmbmFtZT1GMjUwNDAwMDAzMzQyMDIwXzEucGRmJnNtZmxhZz1OJnJqdWRkYXRlPSZ1cGxvYWRkdD0xNS8wNi8yMDIzJnNwYXNzcGhyYXNlPTE2MDkyNDE4MzcwMyZuY2l0YXRpb249JnNtY2l0YXRpb249JmRpZ2NlcnRmbGc9WSZpbnRlcmZhY2U9
16169,https://bombayhighcourt.nic.in/generatenewauth.php?bhcpar=cGF0aD0uL3dyaXRlcmVhZGRhdGEvZGF0YS9vcmlnaW5hbC8yMDIxLyZmbmFtZT0yNzQyMDAwMDA5NjIwMjFfMy5wZGYmc21mbGFnPU4mcmp1ZGRhdGU9JnVwbG9hZGR0PTA0LzEwLzIwMjEmc3Bhc3NwaHJhc2U9MTYwOTI0MTgwMjA4Jm5jaXRhdGlvbj0mc21jaXRhdGlvbj0mZGlnY2VydGZsZz1ZJmludGVyZmFjZT0=
16170,https://bombayhighcourt.nic.in/generatenewauth.php?bhcpar=cGF0aD0uL3dyaXRlcmVhZGRhdGEvZGF0YS9vcmlnaW5hbC8yMDIxLyZmbmFtZT0yNzQyMDAwMDA5NjIwMjFfMS5wZGYmc21mbGFnPU4mcmp1ZGRhdGU9JnVwbG9hZGR0PTEyLzA4LzIwMjEmc3Bhc3NwaHJhc2U9MTYwOTI0MTgwMjA4Jm5jaXRhdGlvbj0mc21jaXRhdGlvbj0mZGlnY2VydGZsZz1ZJmludGVyZmFjZT0=
16388,https://bombayhighcourt.nic.in/generatenewauth.php?bhcpar=cGF0aD0uL3dyaXRlcmVhZGRhdGEvZGF0YS9vcmlnaW5hbC8yMDIwLyZmbmFtZT1DT01TMTYyMDE5MDMyMC5wZGYmc21mbGFnPU4mcmp1ZGRhdGU9JnVwbG9hZGR0PTA5LzA2LzIwMjAmc3Bhc3NwaHJhc2U9MTYwOTI0MTczODM3Jm5jaXRhdGlvbj0mc21jaXRhdGlvbj0mZGlnY2VydGZsZz1OJmludGVyZmFjZT0=
16440,https://bombayhighcourt.nic.in/generatenewauth.php?bhcpar=cGF0aD0uL3dyaXRlcmVhZGRhdGEvZGF0YS9vcmlnaW5hbC8yMDI0LyZmbmFtZT0yNTA0MDAwMDAyMzIwMjFfNy5wZGYmc21mbGFnPU4mcmp1ZGRhdGU9JnVwbG9hZGR0PTA0LzA5LzIwMjQmc3Bhc3NwaHJhc2U9MTYwOTI0MTg1MjEyJm5jaXRhdGlvbj0mc21jaXRhdGlvbj0mZGlnY2VydGZsZz1ZJmludGVyZmFjZT1P
16441,https://bombayhighcourt.nic.in/generatenewauth.php?bhcpar=cGF0aD0uL3dyaXRlcmVhZGRhdGEvZGF0YS9vcmlnaW5hbC8yMDI0LyZmbmFtZT0yNTA0MDAwMDAyMzIwMjFfNi5wZGYmc21mbGFnPU4mcmp1ZGRhdGU9JnVwbG9hZGR0PTA5LzA3LzIwMjQmc3Bhc3NwaHJhc2U9MTYwOTI0MTg1MjEyJm5jaXRhdGlvbj0mc21jaXRhdGlvbj0mZGlnY2VydGZsZz1ZJmludGVyZmFjZT1P
16442,https://bombayhighcourt.nic.in/generatenewauth.php?bhcpar=cGF0aD0uL3dyaXRlcmVhZGRhdGEvZGF0YS9vcmlnaW5hbC8yMDI0LyZmbmFtZT0yNTA0MDAwMDAyMzIwMjFfNS5wZGYmc21mbGFnPU4mcmp1ZGRhdGU9JnVwbG9hZGR0PTA2LzA1LzIwMjQmc3Bhc3NwaHJhc2U9MTYwOTI0MTg1MjEyJm5jaXRhdGlvbj0mc21jaXRhdGlvbj0mZGlnY2VydGZsZz1OJmludGVyZmFjZT1P
16443,https://bombayhighcourt.nic.in/generatenewauth.php?bhcpar=cGF0aD0uL3dyaXRlcmVhZGRhdGEvZGF0YS9vcmlnaW5hbC8yMDI0LyZmbmFtZT0yNTA0MDAwMDAyMzIwMjFfNC5wZGYmc21mbGFnPU4mcmp1ZGRhdGU9JnVwbG9hZGR0PTE4LzA0LzIwMjQmc3Bhc3NwaHJhc2U9MTYwOTI0MTg1MjEyJm5jaXRhdGlvbj0mc21jaXRhdGlvbj0mZGlnY2VydGZsZz1ZJmludGVyZmFjZT1P
16444,https://bombayhighcourt.nic.in/generatenewauth.php?bhcpar=cGF0aD0uL3dyaXRlcmVhZGRhdGEvZGF0YS9vcmlnaW5hbC8yMDI0LyZmbmFtZT0yNTA0MDAwMDAyMzIwMjFfMy5wZGYmc21mbGFnPU4mcmp1ZGRhdGU9JnVwbG9hZGR0PTA4LzAzLzIwMjQmc3Bhc3NwaHJhc2U9MTYwOTI0MTg1MjEyJm5jaXRhdGlvbj0mc21jaXRhdGlvbj0mZGlnY2VydGZsZz1ZJmludGVyZmFjZT1P
16445,https://bombayhighcourt.nic.in/generatenewauth.php?bhcpar=cGF0aD0uL3dyaXRlcmVhZGRhdGEvZGF0YS9vcmlnaW5hbC8yMDI0LyZmbmFtZT0yNTA0MDAwMDAyMzIwMjFfMi5wZGYmc21mbGFnPU4mcmp1ZGRhdGU9JnVwbG9hZGR0PTAyLzAyLzIwMjQmc3Bhc3NwaHJhc2U9MTYwOTI0MTg1MjEyJm5jaXRhdGlvbj0mc21jaXRhdGlvbj0mZGlnY2VydGZsZz1ZJmludGVyZmFjZT1P
16446,https://bombayhighcourt.nic.in/generatenewauth.php?bhcpar=cGF0aD0uL3dyaXRlcmVhZGRhdGEvZGF0YS9vcmlnaW5hbC8yMDIzLyZmbmFtZT0yNTA0MDAwMDAyMzIwMjFfMS5wZGYmc21mbGFnPU4mcmp1ZGRhdGU9JnVwbG9hZGR0PTA2LzEyLzIwMjMmc3Bhc3NwaHJhc2U9MTYwOTI0MTg1MjEyJm5jaXRhdGlvbj0mc21jaXRhdGlvbj0mZGlnY2VydGZsZz1ZJmludGVyZmFjZT1P
16472,https://bombayhighcourt.nic.in/generatenewauth.php?bhcpar=cGF0aD0uL3dyaXRlcmVhZGRhdGEvZGF0YS9vcmlnaW5hbC8yMDIzLyZmbmFtZT0yNzU3MDAwMDMxMzIwMjBfMS5wZGYmc21mbGFnPU4mcmp1ZGRhdGU9JnVwbG9hZGR0PTEzLzAyLzIwMjMmc3Bhc3NwaHJhc2U9MTYwOTI0MTgxMzA0Jm5jaXRhdGlvbj0yMDIzOkJIQy1PUzoxMDY1JnNtY2l0YXRpb249JmRpZ2NlcnRmbGc9WSZpbnRlcmZhY2U9
16697,https://bombayhighcourt.nic.in/generatenewauth.php?bhcpar=cGF0aD0uL3dyaXRlcmVhZGRhdGEvZGF0YS9vcmlnaW5hbC8yMDIyLyZmbmFtZT1GMjc0MjAwMDc0NzIyMDIwXzEucGRmJnNtZmxhZz1OJnJqdWRkYXRlPSZ1cGxvYWRkdD0wOC8wMy8yMDIyJnNwYXNzcGhyYXNlPTE2MDkyNDE4MDA1OCZuY2l0YXRpb249JnNtY2l0YXRpb249JmRpZ2NlcnRmbGc9WSZpbnRlcmZhY2U9
16806,https://bombayhighcourt.nic.in/generatenewauth.php?bhcpar=cGF0aD0uL3dyaXRlcmVhZGRhdGEvZGF0YS9vcmlnaW5hbC8yMDIwLyZmbmFtZT1GMjc0MjAwMDc2MTIyMDIwXzEucGRmJnNtZmxhZz1OJnJqdWRkYXRlPSZ1cGxvYWRkdD0wOC8xMi8yMDIwJnNwYXNzcGhyYXNlPTE2MDkyNDE4MDExNiZuY2l0YXRpb249JnNtY2l0YXRpb249JmRpZ2NlcnRmbGc9WSZpbnRlcmZhY2U9
16974,https://bombayhighcourt.nic.in/generatenewauth.php?bhcpar=cGF0aD0uL3dyaXRlcmVhZGRhdGEvZGF0YS9vcmlnaW5hbC8yMDIzLyZmbmFtZT1GMjUwNDAwMTM1NTAyMDIxXzEucGRmJnNtZmxhZz1OJnJqdWRkYXRlPSZ1cGxvYWRkdD0wNS8wNy8yMDIzJnNwYXNzcGhyYXNlPTE3MDkyNDE1MTc0NiZuY2l0YXRpb249JnNtY2l0YXRpb249JmRpZ2NlcnRmbGc9WSZpbnRlcmZhY2U9
17755,https://bombayhighcourt.nic.in/generatenewauth.php?bhcpar=cGF0aD0uL3dyaXRlcmVhZGRhdGEvZGF0YS9vcmlnaW5hbC8yMDIyLyZmbmFtZT0yNTA0MDAwMDIwOTIwMjFfMS5wZGYmc21mbGFnPU4mcmp1ZGRhdGU9JnVwbG9hZGR0PTIxLzEwLzIwMjImc3Bhc3NwaHJhc2U9MTcwOTI0MTUzNjEyJm5jaXRhdGlvbj0mc21jaXRhdGlvbj0mZGlnY2VydGZsZz1ZJmludGVyZmFjZT0=
17757,https://bombayhighcourt.nic.in/generatenewauth.php?bhcpar=cGF0aD0uL3dyaXRlcmVhZGRhdGEvZGF0YS9vcmlnaW5hbC8yMDI0LyZmbmFtZT0yNTA0MDAwMDE2ODIwMjFfNi5wZGYmc21mbGFnPU4mcmp1ZGRhdGU9JnVwbG9hZGR0PTA5LzA5LzIwMjQmc3Bhc3NwaHJhc2U9MTcwOTI0MTUxNzU5Jm5jaXRhdGlvbj0mc21jaXRhdGlvbj0mZGlnY2VydGZsZz1ZJmludGVyZmFjZT1P
17758,https://bombayhighcourt.nic.in/generatenewauth.php?bhcpar=cGF0aD0uL3dyaXRlcmVhZGRhdGEvZGF0YS9vcmlnaW5hbC8yMDI0LyZmbmFtZT0yNTA0MDAwMDE2ODIwMjFfNS5wZGYmc21mbGFnPU4mcmp1ZGRhdGU9JnVwbG9hZGR0PTA5LzA4LzIwMjQmc3Bhc3NwaHJhc2U9MTcwOTI0MTUxNzU5Jm5jaXRhdGlvbj0mc21jaXRhdGlvbj0mZGlnY2VydGZsZz1OJmludGVyZmFjZT1P
17759,https://bombayhighcourt.nic.in/generatenewauth.php?bhcpar=cGF0aD0uL3dyaXRlcmVhZGRhdGEvZGF0YS9vcmlnaW5hbC8yMDI0LyZmbmFtZT0yNTA0MDAwMDE2ODIwMjFfNC5wZGYmc21mbGFnPU4mcmp1ZGRhdGU9JnVwbG9hZGR0PTI4LzA2LzIwMjQmc3Bhc3NwaHJhc2U9MTcwOTI0MTUxNzU5Jm5jaXRhdGlvbj0mc21jaXRhdGlvbj0mZGlnY2VydGZsZz1OJmludGVyZmFjZT1P
17760,https://bombayhighcourt.nic.in/generatenewauth.php?bhcpar=cGF0aD0uL3dyaXRlcmVhZGRhdGEvZGF0YS9vcmlnaW5hbC8yMDIzLyZmbmFtZT0yNTA0MDAwMDE2ODIwMjFfMy5wZGYmc21mbGFnPU4mcmp1ZGRhdGU9JnVwbG9hZGR0PTI0LzA3LzIwMjMmc3Bhc3NwaHJhc2U9MTcwOTI0MTUxNzU5Jm5jaXRhdGlvbj0mc21jaXRhdGlvbj0mZGlnY2VydGZsZz1OJmludGVyZmFjZT1P
17761,https://bombayhighcourt.nic.in/generatenewauth.php?bhcpar=cGF0aD0uL3dyaXRlcmVhZGRhdGEvZGF0YS9vcmlnaW5hbC8yMDIzLyZmbmFtZT0yNTA0MDAwMDE2ODIwMjFfMi5wZGYmc21mbGFnPU4mcmp1ZGRhdGU9JnVwbG9hZGR0PTEwLzA3LzIwMjMmc3Bhc3NwaHJhc2U9MTcwOTI0MTUxNzU5Jm5jaXRhdGlvbj0mc21jaXRhdGlvbj0mZGlnY2VydGZsZz1OJmludGVyZmFjZT0=
17762,https://bombayhighcourt.nic.in/generatenewauth.php?bhcpar=cGF0aD0uL3dyaXRlcmVhZGRhdGEvZGF0YS9vcmlnaW5hbC8yMDIzLyZmbmFtZT0yNTA0MDAwMDE2ODIwMjFfMS5wZGYmc21mbGFnPU4mcmp1ZGRhdGU9JnVwbG9hZGR0PTA5LzA2LzIwMjMmc3Bhc3NwaHJhc2U9MTcwOTI0MTUxNzU5Jm5jaXRhdGlvbj0mc21jaXRhdGlvbj0mZGlnY2VydGZsZz1ZJmludGVyZmFjZT0=
18020,https://bombayhighcourt.nic.in/generatenewauth.php?bhcpar=cGF0aD0uL3dyaXRlcmVhZGRhdGEvZGF0YS9vcmlnaW5hbC8yMDIzLyZmbmFtZT0yNTA0MDAwMDA4NzIwMjJfNC5wZGYmc21mbGFnPU4mcmp1ZGRhdGU9JnVwbG9hZGR0PTE1LzAyLzIwMjMmc3Bhc3NwaHJhc2U9MTcwOTI0MTU1MzMxJm5jaXRhdGlvbj0mc21jaXRhdGlvbj0mZGlnY2VydGZsZz1ZJmludGVyZmFjZT0=
18021,https://bombayhighcourt.nic.in/generatenewauth.php?bhcpar=cGF0aD0uL3dyaXRlcmVhZGRhdGEvZGF0YS9vcmlnaW5hbC8yMDIzLyZmbmFtZT0yNTA0MDAwMDA4NzIwMjJfMy5wZGYmc21mbGFnPU4mcmp1ZGRhdGU9JnVwbG9hZGR0PTE2LzAxLzIwMjMmc3Bhc3NwaHJhc2U9MTcwOTI0MTU1MzMxJm5jaXRhdGlvbj0mc21jaXRhdGlvbj0mZGlnY2VydGZsZz1ZJmludGVyZmFjZT0=
18022,https://bombayhighcourt.nic.in/generatenewauth.php?bhcpar=cGF0aD0uL3dyaXRlcmVhZGRhdGEvZGF0YS9vcmlnaW5hbC8yMDIyLyZmbmFtZT0yNTA0MDAwMDA4NzIwMjJfMi5wZGYmc21mbGFnPU4mcmp1ZGRhdGU9JnVwbG9hZGR0PTE5LzExLzIwMjImc3Bhc3NwaHJhc2U9MTcwOTI0MTU1MzMxJm5jaXRhdGlvbj0mc21jaXRhdGlvbj0mZGlnY2VydGZsZz1ZJmludGVyZmFjZT0=
18023,https://bombayhighcourt.nic.in/generatenewauth.php?bhcpar=cGF0aD0uL3dyaXRlcmVhZGRhdGEvZGF0YS9vcmlnaW5hbC8yMDIyLyZmbmFtZT0yNTA0MDAwMDA4NzIwMjJfMS5wZGYmc21mbGFnPU4mcmp1ZGRhdGU9JnVwbG9hZGR0PTA2LzEwLzIwMjImc3Bhc3NwaHJhc2U9MTcwOTI0MTU1MzMxJm5jaXRhdGlvbj0mc21jaXRhdGlvbj0mZGlnY2VydGZsZz1ZJmludGVyZmFjZT0=
18701,https://bombayhighcourt.nic.in/generatenewauth.php?bhcpar=cGF0aD0uL3dyaXRlcmVhZGRhdGEvZGF0YS9vcmlnaW5hbC8yMDIzLyZmbmFtZT0yNzQyMDAwMDMzOTIwMjJfNC5wZGYmc21mbGFnPU4mcmp1ZGRhdGU9JnVwbG9hZGR0PTE1LzEyLzIwMjMmc3Bhc3NwaHJhc2U9MTcwOTI0MTQyNDE3Jm5jaXRhdGlvbj0mc21jaXRhdGlvbj0mZGlnY2VydGZsZz1OJmludGVyZmFjZT1P
18702,https://bombayhighcourt.nic.in/generatenewauth.php?bhcpar=cGF0aD0uL3dyaXRlcmVhZGRhdGEvZGF0YS9vcmlnaW5hbC8yMDIzLyZmbmFtZT0yNzQyMDAwMDMzOTIwMjJfMy5wZGYmc21mbGFnPU4mcmp1ZGRhdGU9JnVwbG9hZGR0PTE3LzEwLzIwMjMmc3Bhc3NwaHJhc2U9MTcwOTI0MTQyNDE3Jm5jaXRhdGlvbj0mc21jaXRhdGlvbj0mZGlnY2VydGZsZz1ZJmludGVyZmFjZT1P
18703,https://bombayhighcourt.nic.in/generatenewauth.php?bhcpar=cGF0aD0uL3dyaXRlcmVhZGRhdGEvZGF0YS9vcmlnaW5hbC8yMDIzLyZmbmFtZT0yNzQyMDAwMDMzOTIwMjJfMi5wZGYmc21mbGFnPU4mcmp1ZGRhdGU9JnVwbG9hZGR0PTIwLzA5LzIwMjMmc3Bhc3NwaHJhc2U9MTcwOTI0MTQyNDE3Jm5jaXRhdGlvbj0mc21jaXRhdGlvbj0mZGlnY2VydGZsZz1ZJmludGVyZmFjZT1P
18704,https://bombayhighcourt.nic.in/generatenewauth.php?bhcpar=cGF0aD0uL3dyaXRlcmVhZGRhdGEvZGF0YS9vcmlnaW5hbC8yMDIzLyZmbmFtZT0yNzQyMDAwMDMzOTIwMjJfMS5wZGYmc21mbGFnPU4mcmp1ZGRhdGU9JnVwbG9hZGR0PTEwLzA0LzIwMjMmc3Bhc3NwaHJhc2U9MTcwOTI0MTQyNDE3Jm5jaXRhdGlvbj0mc21jaXRhdGlvbj0mZGlnY2VydGZsZz1OJmludGVyZmFjZT0=
18767,https://bombayhighcourt.nic.in/generatenewauth.php?bhcpar=cGF0aD0uL3dyaXRlcmVhZGRhdGEvZGF0YS9vcmlnaW5hbC8yMDIzLyZmbmFtZT1GMjUwNDAwMTg5MzQyMDIxXzEucGRmJnNtZmxhZz1OJnJqdWRkYXRlPSZ1cGxvYWRkdD0xMS8wNy8yMDIzJnNwYXNzcGhyYXNlPTE3MDkyNDE1MzI1MSZuY2l0YXRpb249JnNtY2l0YXRpb249JmRpZ2NlcnRmbGc9TiZpbnRlcmZhY2U9
19158,https://bombayhighcourt.nic.in/generatenewauth.php?bhcpar=cGF0aD0uL3dyaXRlcmVhZGRhdGEvZGF0YS9vcmlnaW5hbC8yMDI0LyZmbmFtZT1GMjc0MjAwMTAyODcyMDIyXzIucGRmJnNtZmxhZz1OJnJqdWRkYXRlPSZ1cGxvYWRkdD0xMi8wMS8yMDI0JnNwYXNzcGhyYXNlPTE3MDkyNDIwMTYyOCZuY2l0YXRpb249JnNtY2l0YXRpb249JmRpZ2NlcnRmbGc9TiZpbnRlcmZhY2U9Tw==
19159,https://bombayhighcourt.nic.in/generatenewauth.php?bhcpar=cGF0aD0uL3dyaXRlcmVhZGRhdGEvZGF0YS9vcmlnaW5hbC8yMDIzLyZmbmFtZT1GMjc0MjAwMTAyODcyMDIyXzEucGRmJnNtZmxhZz1OJnJqdWRkYXRlPSZ1cGxvYWRkdD0xMS8wNC8yMDIzJnNwYXNzcGhyYXNlPTE3MDkyNDIwMTYyOCZuY2l0YXRpb249JnNtY2l0YXRpb249JmRpZ2NlcnRmbGc9TiZpbnRlcmZhY2U9
19454,https://bombayhighcourt.nic.in/generatenewauth.php?bhcpar=cGF0aD0uL3dyaXRlcmVhZGRhdGEvZGF0YS9vcmlnaW5hbC8yMDIzLyZmbmFtZT0yNzQyMDAwMDM1NTIwMjJfMi5wZGYmc21mbGFnPU4mcmp1ZGRhdGU9JnVwbG9hZGR0PTI0LzA4LzIwMjMmc3Bhc3NwaHJhc2U9MTcwOTI0MjA0MTE4Jm5jaXRhdGlvbj0mc21jaXRhdGlvbj0mZGlnY2VydGZsZz1OJmludGVyZmFjZT1P
19455,https://bombayhighcourt.nic.in/generatenewauth.php?bhcpar=cGF0aD0uL3dyaXRlcmVhZGRhdGEvZGF0YS9vcmlnaW5hbC8yMDIzLyZmbmFtZT0yNzQyMDAwMDM1NTIwMjJfMS5wZGYmc21mbGFnPU4mcmp1ZGRhdGU9JnVwbG9hZGR0PTAzLzA3LzIwMjMmc3Bhc3NwaHJhc2U9MTcwOTI0MjA0MTE4Jm5jaXRhdGlvbj0mc21jaXRhdGlvbj0mZGlnY2VydGZsZz1ZJmludGVyZmFjZT0=
19673,https://bombayhighcourt.nic.in/generatenewauth.php?bhcpar=cGF0aD0uL3dyaXRlcmVhZGRhdGEvZGF0YS9vcmlnaW5hbC8yMDIzLyZmbmFtZT1GMjUwNDAwMzM2MTgyMDIyXzEucGRmJnNtZmxhZz1OJnJqdWRkYXRlPSZ1cGxvYWRkdD0zMC8wOC8yMDIzJnNwYXNzcGhyYXNlPTE3MDkyNDIyMDY0NyZuY2l0YXRpb249JnNtY2l0YXRpb249JmRpZ2NlcnRmbGc9TiZpbnRlcmZhY2U9Tw==
20532,https://bombayhighcourt.nic.in/generatenewauth.php?bhcpar=cGF0aD0uL3dyaXRlcmVhZGRhdGEvZGF0YS9vcmlnaW5hbC8yMDIzLyZmbmFtZT0yNTA0MDAwMDQxNzIwMjJfOS5wZGYmc21mbGFnPU4mcmp1ZGRhdGU9JnVwbG9hZGR0PTE3LzEwLzIwMjMmc3Bhc3NwaHJhc2U9MTcwOTI0MjE1NjIzJm5jaXRhdGlvbj0mc21jaXRhdGlvbj0mZGlnY2VydGZsZz1OJmludGVyZmFjZT1P
20533,https://bombayhighcourt.nic.in/generatenewauth.php?bhcpar=cGF0aD0uL3dyaXRlcmVhZGRhdGEvZGF0YS9vcmlnaW5hbC8yMDIzLyZmbmFtZT0yNTA0MDAwMDQxNzIwMjJfOC5wZGYmc21mbGFnPU4mcmp1ZGRhdGU9JnVwbG9hZGR0PTExLzA5LzIwMjMmc3Bhc3NwaHJhc2U9MTcwOTI0MjE1NjIzJm5jaXRhdGlvbj0mc21jaXRhdGlvbj0mZGlnY2VydGZsZz1OJmludGVyZmFjZT1P
20534,https://bombayhighcourt.nic.in/generatenewauth.php?bhcpar=cGF0aD0uL3dyaXRlcmVhZGRhdGEvZGF0YS9vcmlnaW5hbC8yMDIzLyZmbmFtZT0yNTA0MDAwMDQxNzIwMjJfNy5wZGYmc21mbGFnPU4mcmp1ZGRhdGU9JnVwbG9hZGR0PTI1LzA4LzIwMjMmc3Bhc3NwaHJhc2U9MTcwOTI0MjE1NjIzJm5jaXRhdGlvbj0mc21jaXRhdGlvbj0mZGlnY2VydGZsZz1OJmludGVyZmFjZT1P
20535,https://bombayhighcourt.nic.in/generatenewauth.php?bhcpar=cGF0aD0uL3dyaXRlcmVhZGRhdGEvZGF0YS9vcmlnaW5hbC8yMDIzLyZmbmFtZT0yNTA0MDAwMDQxNzIwMjJfNi5wZGYmc21mbGFnPU4mcmp1ZGRhdGU9JnVwbG9hZGR0PTAzLzA4LzIwMjMmc3Bhc3NwaHJhc2U9MTcwOTI0MjE1NjIzJm5jaXRhdGlvbj0mc21jaXRhdGlvbj0mZGlnY2VydGZsZz1OJmludGVyZmFjZT1P
20536,https://bombayhighcourt.nic.in/generatenewauth.php?bhcpar=cGF0aD0uL3dyaXRlcmVhZGRhdGEvZGF0YS9vcmlnaW5hbC8yMDIzLyZmbmFtZT0yNTA0MDAwMDQxNzIwMjJfNS5wZGYmc21mbGFnPU4mcmp1ZGRhdGU9JnVwbG9hZGR0PTA2LzA3LzIwMjMmc3Bhc3NwaHJhc2U9MTcwOTI0MjE1NjIzJm5jaXRhdGlvbj0mc21jaXRhdGlvbj0mZGlnY2VydGZsZz1ZJmludGVyZmFjZT0=
20537,https://bombayhighcourt.nic.in/generatenewauth.php?bhcpar=cGF0aD0uL3dyaXRlcmVhZGRhdGEvZGF0YS9vcmlnaW5hbC8yMDIzLyZmbmFtZT0yNTA0MDAwMDQxNzIwMjJfNC5wZGYmc21mbGFnPU4mcmp1ZGRhdGU9JnVwbG9hZGR0PTEyLzA2LzIwMjMmc3Bhc3NwaHJhc2U9MTcwOTI0MjE1NjIzJm5jaXRhdGlvbj0mc21jaXRhdGlvbj0mZGlnY2VydGZsZz1ZJmludGVyZmFjZT0=
20538,https://bombayhighcourt.nic.in/generatenewauth.php?bhcpar=cGF0aD0uL3dyaXRlcmVhZGRhdGEvZGF0YS9vcmlnaW5hbC8yMDIzLyZmbmFtZT0yNTA0MDAwMDQxNzIwMjJfMy5wZGYmc21mbGFnPU4mcmp1ZGRhdGU9JnVwbG9hZGR0PTMxLzAzLzIwMjMmc3Bhc3NwaHJhc2U9MTcwOTI0MjE1NjIzJm5jaXRhdGlvbj0mc21jaXRhdGlvbj0mZGlnY2VydGZsZz1OJmludGVyZmFjZT0=
20539,https://bombayhighcourt.nic.in/generatenewauth.php?bhcpar=cGF0aD0uL3dyaXRlcmVhZGRhdGEvZGF0YS9vcmlnaW5hbC8yMDIzLyZmbmFtZT0yNTA0MDAwMDQxNzIwMjJfMi5wZGYmc21mbGFnPU4mcmp1ZGRhdGU9JnVwbG9hZGR0PTAxLzAzLzIwMjMmc3Bhc3NwaHJhc2U9MTcwOTI0MjE1NjIzJm5jaXRhdGlvbj0mc21jaXRhdGlvbj0mZGlnY2VydGZsZz1OJmludGVyZmFjZT0=
20540,https://bombayhighcourt.nic.in/generatenewauth.php?bhcpar=cGF0aD0uL3dyaXRlcmVhZGRhdGEvZGF0YS9vcmlnaW5hbC8yMDIzLyZmbmFtZT0yNTA0MDAwMDQxNzIwMjJfMS5wZGYmc21mbGFnPU4mcmp1ZGRhdGU9JnVwbG9hZGR0PTA2LzAyLzIwMjMmc3Bhc3NwaHJhc2U9MTcwOTI0MjE1NjIzJm5jaXRhdGlvbj0mc21jaXRhdGlvbj0mZGlnY2VydGZsZz1OJmludGVyZmFjZT0=
20567,https://bombayhighcourt.nic.in/generatenewauth.php?bhcpar=cGF0aD0uL3dyaXRlcmVhZGRhdGEvZGF0YS9vcmlnaW5hbC8yMDI0LyZmbmFtZT0yNTA0MDAwMDQ1NDIwMjNfMi5wZGYmc21mbGFnPU4mcmp1ZGRhdGU9JnVwbG9hZGR0PTE4LzA3LzIwMjQmc3Bhc3NwaHJhc2U9MTcwOTI0MjE1NTQ5Jm5jaXRhdGlvbj0mc21jaXRhdGlvbj0mZGlnY2VydGZsZz1ZJmludGVyZmFjZT1P
20568,https://bombayhighcourt.nic.in/generatenewauth.php?bhcpar=cGF0aD0uL3dyaXRlcmVhZGRhdGEvZGF0YS9vcmlnaW5hbC8yMDIzLyZmbmFtZT1GMjUwNDAwMjg1MDIyMDIyXzEucGRmJnNtZmxhZz1OJnJqdWRkYXRlPSZ1cGxvYWRkdD0wOS8wOC8yMDIzJnNwYXNzcGhyYXNlPTE3MDkyNDIxNTU0OSZuY2l0YXRpb249JnNtY2l0YXRpb249JmRpZ2NlcnRmbGc9TiZpbnRlcmZhY2U9Tw==
20579,https://bombayhighcourt.nic.in/generatenewauth.php?bhcpar=cGF0aD0uL3dyaXRlcmVhZGRhdGEvZGF0YS9vcmlnaW5hbC8yMDIzLyZmbmFtZT1GMjUwNDAwMDExNjAyMDIyXzEucGRmJnNtZmxhZz1OJnJqdWRkYXRlPSZ1cGxvYWRkdD0yNi8wNy8yMDIzJnNwYXNzcGhyYXNlPTE3MDkyNDIxMDU1MyZuY2l0YXRpb249JnNtY2l0YXRpb249JmRpZ2NlcnRmbGc9TiZpbnRlcmZhY2U9Tw==
20932,https://bombayhighcourt.nic.in/generatenewauth.php?bhcpar=cGF0aD0uL3dyaXRlcmVhZGRhdGEvZGF0YS9vcmlnaW5hbC8yMDIzLyZmbmFtZT0yNTA0MDAwMDIwNjIwMjNfNS5wZGYmc21mbGFnPU4mcmp1ZGRhdGU9JnVwbG9hZGR0PTE2LzEyLzIwMjMmc3Bhc3NwaHJhc2U9MTgwOTI0MDEwODU1Jm5jaXRhdGlvbj0mc21jaXRhdGlvbj0mZGlnY2VydGZsZz1ZJmludGVyZmFjZT1P
20933,https://bombayhighcourt.nic.in/generatenewauth.php?bhcpar=cGF0aD0uL3dyaXRlcmVhZGRhdGEvZGF0YS9vcmlnaW5hbC8yMDIzLyZmbmFtZT0yNTA0MDAwMDIwNjIwMjNfNC5wZGYmc21mbGFnPU4mcmp1ZGRhdGU9JnVwbG9hZGR0PTA5LzExLzIwMjMmc3Bhc3NwaHJhc2U9MTgwOTI0MDEwODU1Jm5jaXRhdGlvbj0mc21jaXRhdGlvbj0mZGlnY2VydGZsZz1OJmludGVyZmFjZT1P
20934,https://bombayhighcourt.nic.in/generatenewauth.php?bhcpar=cGF0aD0uL3dyaXRlcmVhZGRhdGEvZGF0YS9vcmlnaW5hbC8yMDIzLyZmbmFtZT0yNTA0MDAwMDIwNjIwMjNfMy5wZGYmc21mbGFnPU4mcmp1ZGRhdGU9JnVwbG9hZGR0PTMwLzA5LzIwMjMmc3Bhc3NwaHJhc2U9MTgwOTI0MDEwODU1Jm5jaXRhdGlvbj0mc21jaXRhdGlvbj0mZGlnY2VydGZsZz1OJmludGVyZmFjZT1P
20935,https://bombayhighcourt.nic.in/generatenewauth.php?bhcpar=cGF0aD0uL3dyaXRlcmVhZGRhdGEvZGF0YS9vcmlnaW5hbC8yMDIzLyZmbmFtZT0yNTA0MDAwMDIwNjIwMjNfMi5wZGYmc21mbGFnPU4mcmp1ZGRhdGU9JnVwbG9hZGR0PTE5LzA4LzIwMjMmc3Bhc3NwaHJhc2U9MTgwOTI0MDEwODU1Jm5jaXRhdGlvbj0mc21jaXRhdGlvbj0mZGlnY2VydGZsZz1OJmludGVyZmFjZT1P
20936,https://bombayhighcourt.nic.in/generatenewauth.php?bhcpar=cGF0aD0uL3dyaXRlcmVhZGRhdGEvZGF0YS9vcmlnaW5hbC8yMDIzLyZmbmFtZT0yNTA0MDAwMDIwNjIwMjNfMS5wZGYmc21mbGFnPU4mcmp1ZGRhdGU9JnVwbG9hZGR0PTA3LzA3LzIwMjMmc3Bhc3NwaHJhc2U9MTgwOTI0MDEwODU1Jm5jaXRhdGlvbj0mc21jaXRhdGlvbj0mZGlnY2VydGZsZz1ZJmludGVyZmFjZT0=
21119,https://bombayhighcourt.nic.in/generatenewauth.php?bhcpar=cGF0aD0uL3dyaXRlcmVhZGRhdGEvZGF0YS9vcmlnaW5hbC8yMDI0LyZmbmFtZT1GMjUwNDAwMjA3ODIyMDIzXzEucGRmJnNtZmxhZz1OJnJqdWRkYXRlPSZ1cGxvYWRkdD0wNy8wMi8yMDI0JnNwYXNzcGhyYXNlPTE4MDkyNDAxNTE0NiZuY2l0YXRpb249JnNtY2l0YXRpb249JmRpZ2NlcnRmbGc9TiZpbnRlcmZhY2U9Tw==
21316,https://bombayhighcourt.nic.in/generatenewauth.php?bhcpar=cGF0aD0uL3dyaXRlcmVhZGRhdGEvZGF0YS9vcmlnaW5hbC8yMDI0LyZmbmFtZT1GMjUwNDAwMTEzMTAyMDIzXzEucGRmJnNtZmxhZz1OJnJqdWRkYXRlPSZ1cGxvYWRkdD0yNC8wMS8yMDI0JnNwYXNzcGhyYXNlPTE4MDkyNDAxMzQzNSZuY2l0YXRpb249JnNtY2l0YXRpb249JmRpZ2NlcnRmbGc9WSZpbnRlcmZhY2U9Tw==
21815,https://bombayhighcourt.nic.in/generatenewauth.php?bhcpar=cGF0aD0uL3dyaXRlcmVhZGRhdGEvZGF0YS9vcmlnaW5hbC8yMDI0LyZmbmFtZT1GMjc1NzAwMjU5OTcyMDIzXzEucGRmJnNtZmxhZz1OJnJqdWRkYXRlPSZ1cGxvYWRkdD0xMS8wMS8yMDI0JnNwYXNzcGhyYXNlPTE4MDkyNDAxMDQxNyZuY2l0YXRpb249MjAyNDpCSEMtT1M6NTMyJnNtY2l0YXRpb249JmRpZ2NlcnRmbGc9TiZpbnRlcmZhY2U9Tw==
21854,https://bombayhighcourt.nic.in/generatenewauth.php?bhcpar=cGF0aD0uL3dyaXRlcmVhZGRhdGEvZGF0YS9vcmlnaW5hbC8yMDI0LyZmbmFtZT1GMjUwNDAwMTExMDYyMDIzXzEucGRmJnNtZmxhZz1OJnJqdWRkYXRlPSZ1cGxvYWRkdD0yNC8wMS8yMDI0JnNwYXNzcGhyYXNlPTE4MDkyNDAxMzQyMCZuY2l0YXRpb249JnNtY2l0YXRpb249JmRpZ2NlcnRmbGc9WSZpbnRlcmZhY2U9Tw==
22002,https://bombayhighcourt.nic.in/generatenewauth.php?bhcpar=cGF0aD0uL3dyaXRlcmVhZGRhdGEvZGF0YS9vcmlnaW5hbC8yMDI0LyZmbmFtZT1GMjUwNDAwMTU2MDUyMDI0XzEucGRmJnNtZmxhZz1OJnJqdWRkYXRlPSZ1cGxvYWRkdD0wMy8wOC8yMDI0JnNwYXNzcGhyYXNlPTE4MDkyNDA4MzEzMyZuY2l0YXRpb249JnNtY2l0YXRpb249JmRpZ2NlcnRmbGc9WSZpbnRlcmZhY2U9Tw==